hostname,wallet,botBalance,blockNumber,timestamp,instrId,pathAmounts,grossProfit,netProfit,txHash
avalanche-singapore,0x103c7BEC38a948b738A430B2b685654dd95bE0A5,10000000000000000000000,123000,1613261037820,I0015,"9660847854891231238
245106870283693215
223608930921778655
9772121160671848914",111273305780617676,2233305780617676,
avalanche-singapore,0x103c7BEC38a948b738A430B2b685654dd95bE0A5,10000000000000000000000,123058,1613261440452,I0002,"719986436402050363
236784177832959694297
21284733735105739
829440258506691080",109453822104640717,413822104640717,
avalanche-singapore,0x103c7BEC38a948b738A430B2b685654dd95bE0A5,10000000000000000000000,123059,1613261441465,I0015,"59423155019095783074
1753158435966579727
1469314405954428751
64265483523363996032",4842328504268212958,4733288504268212958,
avalanche-singapore,0x103c7BEC38a948b738A430B2b685654dd95bE0A5,10000000000000000000000,123167,1613261938850,I0016,"36483025865304727714
829461603074981709
1015650010225992413
38159210715509047460",1676184850204319746,1567144850204319746,
avalanche-singapore,0x103c7BEC38a948b738A430B2b685654dd95bE0A5,10000000000000000000000,123169,1613261945773,I0016,"36483025865304727714
829461603074981709
1015650010225992413
38159210715509047460",1676184850204319746,1567144850204319746,
avalanche-singapore,0x103c7BEC38a948b738A430B2b685654dd95bE0A5,10000000000000000000000,123200,1613262008614,I0015,"14723325795612207720
411917735134589498
342894756656091579
14996230524074050348",272904728461842628,163864728461842628,
avalanche-singapore,0x103c7BEC38a948b738A430B2b685654dd95bE0A5,10000000000000000000000,123452,1613263932565,I0016,"13342831800192584582
301254594880884694
360514526974129248
13560523627278373464",217691827085788882,108651827085788882,
avalanche-singapore,0x103c7BEC38a948b738A430B2b685654dd95bE0A5,10000000000000000000000,123501,1613264344197,I0018,"25573599515819640066
1213724932330229571034
1144154123217965362257
27101696972676337789",1528097456856697723,1419057456856697723,
avalanche-singapore,0x103c7BEC38a948b738A430B2b685654dd95bE0A5,10000000000000000000000,123502,1613264346292,I0018,"25573599515819640066
1213724932330229571034
1144154123217965362257
27101696972676337789",1528097456856697723,1419057456856697723,
avalanche-singapore,0x103c7BEC38a948b738A430B2b685654dd95bE0A5,10000000000000000000000,123504,1613264379440,I0018,"25573599515819640066
1213724932330229571034
1144154123217965362257
27101696972676337789",1528097456856697723,1419057456856697723,
avalanche-singapore,0x103c7BEC38a948b738A430B2b685654dd95bE0A5,10000000000000000000000,123505,1613264379743,I0018,"25573599515819640066
1213724932330229571034
1144154123217965362257
27101696972676337789",1528097456856697723,1419057456856697723,
avalanche-singapore,0x103c7BEC38a948b738A430B2b685654dd95bE0A5,10000000000000000000000,123518,1613264530856,I0015,"70301756091087588387
1859476446035630197
1747120140483505522
76791576808300975197",6489820717213386810,6380780717213386810,
avalanche-singapore,0x103c7BEC38a948b738A430B2b685654dd95bE0A5,10000000000000000000000,123521,1613264531796,I0018,"25574332134973231281
1213759646931967864208
1144185064967444485244
27102473367969645070",1528141232996413789,1419101232996413789,
avalanche-singapore,0x103c7BEC38a948b738A430B2b685654dd95bE0A5,10000000000000000000000,123522,1613264539141,I0018,"25574332134973231281
1213759646931967864208
1144185064967444485244
27102473367969645070",1528141232996413789,1419101232996413789,
avalanche-singapore,0x103c7BEC38a948b738A430B2b685654dd95bE0A5,10000000000000000000000,123523,1613264540203,I0018,"25574332134973231281
1213759646931967864208
1144185064967444485244
27102473367969645070",1528141232996413789,1419101232996413789,
avalanche-singapore,0x103c7BEC38a948b738A430B2b685654dd95bE0A5,10000000000000000000000,123524,1613264567200,I0018,"25574332134973231281
1213759646931967864208
1144185064967444485244
27102473367969645070",1528141232996413789,1419101232996413789,
avalanche-singapore,0x103c7BEC38a948b738A430B2b685654dd95bE0A5,10000000000000000000000,123528,1613264610906,I0018,"25574332134973231281
1213759646931967864208
1144185064967444485244
27102473367969645070",1528141232996413789,1419101232996413789,
avalanche-singapore,0x103c7BEC38a948b738A430B2b685654dd95bE0A5,10000000000000000000000,123529,1613264618886,I0018,"25574332134973231281
1213759646931967864208
1144185064967444485244
27102473367969645070",1528141232996413789,1419101232996413789,
avalanche-singapore,0x103c7BEC38a948b738A430B2b685654dd95bE0A5,10000000000000000000000,123530,1613264625450,I0018,"25574332134973231281
1213759646931967864208
1144185064967444485244
27102473367969645070",1528141232996413789,1419101232996413789,
avalanche-singapore,0x103c7BEC38a948b738A430B2b685654dd95bE0A5,10000000000000000000000,123557,1613264820118,I0018,"25459279377561463232
1208295175474083248289
1139313295741826189019
26973968336009725311",1514688958448262079,1405648958448262079,
avalanche-singapore,0x103c7BEC38a948b738A430B2b685654dd95bE0A5,10000000000000000000000,123580,1613264970376,I0018,"24995699949727747903,1183610092812053306113,1117275847637893588995,26452427079031053601",1456727129303305698,1347687129303305698,
avalanche-singapore,0x103c7BEC38a948b738A430B2b685654dd95bE0A5,10000000000000000000000,123581,1613264970907,I0018,"24995699949727747903,1183610092812053306113,1117275847637893588995,26452427079031053601",1456727129303305698,1347687129303305698,
avalanche-singapore,0x103c7BEC38a948b738A430B2b685654dd95bE0A5,10000000000000000000000,123582,1613264982129,I0018,"24995699949727747903,1183610092812053306113,1117275847637893588995,26452427079031053601",1456727129303305698,1347687129303305698,
avalanche-singapore,0x103c7BEC38a948b738A430B2b685654dd95bE0A5,10000000000000000000000,123583,1613264990790,I0018,"24995699949727747903,1183610092812053306113,1117275847637893588995,26452427079031053601",1456727129303305698,1347687129303305698,
avalanche-singapore,0x103c7BEC38a948b738A430B2b685654dd95bE0A5,10000000000000000000000,123584,1613264992007,I0018,"24995699949727747903,1183610092812053306113,1117275847637893588995,26452427079031053601",1456727129303305698,1347687129303305698,
avalanche-singapore,0x103c7BEC38a948b738A430B2b685654dd95bE0A5,10000000000000000000000,123587,1613265040503,I0018,"24744674132424078184
1171741859070478824030
1106663140401715790350
26172283296576356811",1427609164152278627,1318569164152278627,
avalanche-singapore,0x103c7BEC38a948b738A430B2b685654dd95bE0A5,10000000000000000000000,123588,1613265044834,I0018,"24744674132424078184
1171741859070478824030
1106663140401715790350
26172283296576356811",1427609164152278627,1318569164152278627,
avalanche-singapore,0x103c7BEC38a948b738A430B2b685654dd95bE0A5,10000000000000000000000,123590,1613265046751,I0018,"24744674132424078184
1171741859070478824030
1106663140401715790350
26172283296576356811",1427609164152278627,1318569164152278627,
avalanche-singapore,0x103c7BEC38a948b738A430B2b685654dd95bE0A5,10000000000000000000000,123591,1613265048783,I0018,"24744674132424078184
1171741859070478824030
1106663140401715790350
26172283296576356811",1427609164152278627,1318569164152278627,
avalanche-singapore,0x103c7BEC38a948b738A430B2b685654dd95bE0A5,10000000000000000000000,123613,1613265238533,I0018,"24744674132424078184
1171741859070478824030
1106663140401715790350
26172283296576356811",1427609164152278627,1318569164152278627,,false,85995d5f8ee9645ca855e92de16fa62d2639806000000000000000000000000000000000000000000000000000000000000000e47ff36ab500000000000000000000000000000000000000000000000000000000000000000000000000000000000000000000000000000000000000000000000000000080000000000000000000000000d11828308fc7c84ea31ccd398e609468d6d207130000000000000000000000000000000000000000000000000000000060287a830000000000000000000000000000000000000000000000000000000000000002000000000000000000000000b31f66aa3c1e785363f0875a1b74e27b85fd66c7000000000000000000000000474bb79c3e8e65dcc6df30f9de68592ed48bbfdbe54ca86531e17ef3616d22ca28b0d458b6c89106000000000000000000000000000000000000000000000000000000000000010438ed173900000000000000000000000000000000000000000000003f852f54ab8fb6b25e000000000000000000000000000000000000000000000000000000000000000000000000000000000000000000000000000000000000000000000000000000a0000000000000000000000000d11828308fc7c84ea31ccd398e609468d6d207130000000000000000000000000000000000000000000000000000000060287a830000000000000000000000000000000000000000000000000000000000000002000000000000000000000000474bb79c3e8e65dcc6df30f9de68592ed48bbfdb000000000000000000000000ba7deebbfc5fa1100fb055a87773e1e99cd3507ae54ca86531e17ef3616d22ca28b0d458b6c891060000000000000000000000000000000000000000000000000000000000000104676528d100000000000000000000000000000000000000000000003bfe0946d7be82c20e000000000000000000000000000000000000000000000000000000000000000000000000000000000000000000000000000000000000000000000000000000a0000000000000000000000000d11828308fc7c84ea31ccd398e609468d6d207130000000000000000000000000000000000000000000000000000000060287a830000000000000000000000000000000000000000000000000000000000000002000000000000000000000000ba7deebbfc5fa1100fb055a87773e1e99cd3507a000000000000000000000000b31f66aa3c1e785363f0875a1b74e27b85fd66c7,"Error: cannot estimate gas; transaction may fail or may require manual gas limit (error={""code"":3,""response"":""{\""jsonrpc\"":\""2.0\"",\""id\"":20,\""error\"":{\""code\"":3,\""message\"":\""execution reverted: TransferHelper: TRANSFER_FROM_FAILED\"",\""data\"":\""0x08c379a0000000000000000000000000000000000000000000000000000000000000002000000000000000000000000000000000000000000000000000000000000000245472616e7366657248656c7065723a205452414e534645525f46524f4d5f4641494c454400000000000000000000000000000000000000000000000000000000\""}}\n""}, method=""estimateGas"", transaction={""from"":""0x103c7BEC38a948b738A430B2b685654dd95bE0A5"",""gasLimit"":{""type"":""BigNumber"",""hex"":""0x07a120""},""to"":""0xd11828308Fc7C84Ea31CCD398E609468d6D20713"",""data"":""0x4165027900000000000000000000000000000000000000000000000000000000000000400000000000000000000000000000000000000000000000015766be0541ef3368000000000000000000000000000000000000000000000000000000000000038885995d5f8ee9645ca855e92de16fa62d2639806000000000000000000000000000000000000000000000000000000000000000e47ff36ab500000000000000000000000000000000000000000000000000000000000000000000000000000000000000000000000000000000000000000000000000000080000000000000000000000000d11828308fc7c84ea31ccd398e609468d6d207130000000000000000000000000000000000000000000000000000000060287a830000000000000000000000000000000000000000000000000000000000000002000000000000000000000000b31f66aa3c1e785363f0875a1b74e27b85fd66c7000000000000000000000000474bb79c3e8e65dcc6df30f9de68592ed48bbfdbe54ca86531e17ef3616d22ca28b0d458b6c89106000000000000000000000000000000000000000000000000000000000000010438ed173900000000000000000000000000000000000000000000003f852f54ab8fb6b25e000000000000000000000000000000000000000000000000000000000000000000000000000000000000000000000000000000000000000000000000000000a0000000000000000000000000d11828308fc7c84ea31ccd398e609468d6d207130000000000000000000000000000000000000000000000000000000060287a830000000000000000000000000000000000000000000000000000000000000002000000000000000000000000474bb79c3e8e65dcc6df30f9de68592ed48bbfdb000000000000000000000000ba7deebbfc5fa1100fb055a87773e1e99cd3507ae54ca86531e17ef3616d22ca28b0d458b6c891060000000000000000000000000000000000000000000000000000000000000104676528d100000000000000000000000000000000000000000000003bfe0946d7be82c20e000000000000000000000000000000000000000000000000000000000000000000000000000000000000000000000000000000000000000000000000000000a0000000000000000000000000d11828308fc7c84ea31ccd398e609468d6d207130000000000000000000000000000000000000000000000000000000060287a830000000000000000000000000000000000000000000000000000000000000002000000000000000000000000ba7deebbfc5fa1100fb055a87773e1e99cd3507a000000000000000000000000b31f66aa3c1e785363f0875a1b74e27b85fd66c7000000000000000000000000000000000000000000000000""}, code=UNPREDICTABLE_GAS_LIMIT, version=providers/5.0.22)"
avalanche-singapore,0x103c7BEC38a948b738A430B2b685654dd95bE0A5,10000000000000000000000,123614,1613265239920,I0018,"24744674132424078184
1171741859070478824030
1106663140401715790350
26172283296576356811",1427609164152278627,1318569164152278627,,false,85995d5f8ee9645ca855e92de16fa62d2639806000000000000000000000000000000000000000000000000000000000000000e47ff36ab500000000000000000000000000000000000000000000000000000000000000000000000000000000000000000000000000000000000000000000000000000080000000000000000000000000d11828308fc7c84ea31ccd398e609468d6d207130000000000000000000000000000000000000000000000000000000060287a840000000000000000000000000000000000000000000000000000000000000002000000000000000000000000b31f66aa3c1e785363f0875a1b74e27b85fd66c7000000000000000000000000474bb79c3e8e65dcc6df30f9de68592ed48bbfdbe54ca86531e17ef3616d22ca28b0d458b6c89106000000000000000000000000000000000000000000000000000000000000010438ed173900000000000000000000000000000000000000000000003f852f54ab8fb6b25e000000000000000000000000000000000000000000000000000000000000000000000000000000000000000000000000000000000000000000000000000000a0000000000000000000000000d11828308fc7c84ea31ccd398e609468d6d207130000000000000000000000000000000000000000000000000000000060287a840000000000000000000000000000000000000000000000000000000000000002000000000000000000000000474bb79c3e8e65dcc6df30f9de68592ed48bbfdb000000000000000000000000ba7deebbfc5fa1100fb055a87773e1e99cd3507ae54ca86531e17ef3616d22ca28b0d458b6c891060000000000000000000000000000000000000000000000000000000000000104676528d100000000000000000000000000000000000000000000003bfe0946d7be82c20e000000000000000000000000000000000000000000000000000000000000000000000000000000000000000000000000000000000000000000000000000000a0000000000000000000000000d11828308fc7c84ea31ccd398e609468d6d207130000000000000000000000000000000000000000000000000000000060287a840000000000000000000000000000000000000000000000000000000000000002000000000000000000000000ba7deebbfc5fa1100fb055a87773e1e99cd3507a000000000000000000000000b31f66aa3c1e785363f0875a1b74e27b85fd66c7,"Error: cannot estimate gas; transaction may fail or may require manual gas limit (error={""code"":3,""response"":""{\""jsonrpc\"":\""2.0\"",\""id\"":1302,\""error\"":{\""code\"":3,\""message\"":\""execution reverted: TransferHelper: TRANSFER_FROM_FAILED\"",\""data\"":\""0x08c379a0000000000000000000000000000000000000000000000000000000000000002000000000000000000000000000000000000000000000000000000000000000245472616e7366657248656c7065723a205452414e534645525f46524f4d5f4641494c454400000000000000000000000000000000000000000000000000000000\""}}\n""}, method=""estimateGas"", transaction={""from"":""0x103c7BEC38a948b738A430B2b685654dd95bE0A5"",""gasLimit"":{""type"":""BigNumber"",""hex"":""0x07a120""},""to"":""0xd11828308Fc7C84Ea31CCD398E609468d6D20713"",""data"":""0x4165027900000000000000000000000000000000000000000000000000000000000000400000000000000000000000000000000000000000000000015766be0541ef3368000000000000000000000000000000000000000000000000000000000000038885995d5f8ee9645ca855e92de16fa62d2639806000000000000000000000000000000000000000000000000000000000000000e47ff36ab500000000000000000000000000000000000000000000000000000000000000000000000000000000000000000000000000000000000000000000000000000080000000000000000000000000d11828308fc7c84ea31ccd398e609468d6d207130000000000000000000000000000000000000000000000000000000060287a840000000000000000000000000000000000000000000000000000000000000002000000000000000000000000b31f66aa3c1e785363f0875a1b74e27b85fd66c7000000000000000000000000474bb79c3e8e65dcc6df30f9de68592ed48bbfdbe54ca86531e17ef3616d22ca28b0d458b6c89106000000000000000000000000000000000000000000000000000000000000010438ed173900000000000000000000000000000000000000000000003f852f54ab8fb6b25e000000000000000000000000000000000000000000000000000000000000000000000000000000000000000000000000000000000000000000000000000000a0000000000000000000000000d11828308fc7c84ea31ccd398e609468d6d207130000000000000000000000000000000000000000000000000000000060287a840000000000000000000000000000000000000000000000000000000000000002000000000000000000000000474bb79c3e8e65dcc6df30f9de68592ed48bbfdb000000000000000000000000ba7deebbfc5fa1100fb055a87773e1e99cd3507ae54ca86531e17ef3616d22ca28b0d458b6c891060000000000000000000000000000000000000000000000000000000000000104676528d100000000000000000000000000000000000000000000003bfe0946d7be82c20e000000000000000000000000000000000000000000000000000000000000000000000000000000000000000000000000000000000000000000000000000000a0000000000000000000000000d11828308fc7c84ea31ccd398e609468d6d207130000000000000000000000000000000000000000000000000000000060287a840000000000000000000000000000000000000000000000000000000000000002000000000000000000000000ba7deebbfc5fa1100fb055a87773e1e99cd3507a000000000000000000000000b31f66aa3c1e785363f0875a1b74e27b85fd66c7000000000000000000000000000000000000000000000000""}, code=UNPREDICTABLE_GAS_LIMIT, version=providers/5.0.22)"
avalanche-singapore,0x103c7BEC38a948b738A430B2b685654dd95bE0A5,10000000000000000000000,123615,1613265254983,I0018,"24744674132424078184
1171741859070478824030
1106663140401715790350
26172283296576356811",1427609164152278627,1318569164152278627,,false,85995d5f8ee9645ca855e92de16fa62d2639806000000000000000000000000000000000000000000000000000000000000000e47ff36ab500000000000000000000000000000000000000000000000000000000000000000000000000000000000000000000000000000000000000000000000000000080000000000000000000000000d11828308fc7c84ea31ccd398e609468d6d207130000000000000000000000000000000000000000000000000000000060287a930000000000000000000000000000000000000000000000000000000000000002000000000000000000000000b31f66aa3c1e785363f0875a1b74e27b85fd66c7000000000000000000000000474bb79c3e8e65dcc6df30f9de68592ed48bbfdbe54ca86531e17ef3616d22ca28b0d458b6c89106000000000000000000000000000000000000000000000000000000000000010438ed173900000000000000000000000000000000000000000000003f852f54ab8fb6b25e000000000000000000000000000000000000000000000000000000000000000000000000000000000000000000000000000000000000000000000000000000a0000000000000000000000000d11828308fc7c84ea31ccd398e609468d6d207130000000000000000000000000000000000000000000000000000000060287a930000000000000000000000000000000000000000000000000000000000000002000000000000000000000000474bb79c3e8e65dcc6df30f9de68592ed48bbfdb000000000000000000000000ba7deebbfc5fa1100fb055a87773e1e99cd3507ae54ca86531e17ef3616d22ca28b0d458b6c891060000000000000000000000000000000000000000000000000000000000000104676528d100000000000000000000000000000000000000000000003bfe0946d7be82c20e000000000000000000000000000000000000000000000000000000000000000000000000000000000000000000000000000000000000000000000000000000a0000000000000000000000000d11828308fc7c84ea31ccd398e609468d6d207130000000000000000000000000000000000000000000000000000000060287a930000000000000000000000000000000000000000000000000000000000000002000000000000000000000000ba7deebbfc5fa1100fb055a87773e1e99cd3507a000000000000000000000000b31f66aa3c1e785363f0875a1b74e27b85fd66c7,"Error: cannot estimate gas; transaction may fail or may require manual gas limit (error={""code"":3,""response"":""{\""jsonrpc\"":\""2.0\"",\""id\"":20124,\""error\"":{\""code\"":3,\""message\"":\""execution reverted: TransferHelper: TRANSFER_FROM_FAILED\"",\""data\"":\""0x08c379a0000000000000000000000000000000000000000000000000000000000000002000000000000000000000000000000000000000000000000000000000000000245472616e7366657248656c7065723a205452414e534645525f46524f4d5f4641494c454400000000000000000000000000000000000000000000000000000000\""}}\n""}, method=""estimateGas"", transaction={""from"":""0x103c7BEC38a948b738A430B2b685654dd95bE0A5"",""gasLimit"":{""type"":""BigNumber"",""hex"":""0x07a120""},""to"":""0xd11828308Fc7C84Ea31CCD398E609468d6D20713"",""data"":""0x4165027900000000000000000000000000000000000000000000000000000000000000400000000000000000000000000000000000000000000000015766be0541ef3368000000000000000000000000000000000000000000000000000000000000038885995d5f8ee9645ca855e92de16fa62d2639806000000000000000000000000000000000000000000000000000000000000000e47ff36ab500000000000000000000000000000000000000000000000000000000000000000000000000000000000000000000000000000000000000000000000000000080000000000000000000000000d11828308fc7c84ea31ccd398e609468d6d207130000000000000000000000000000000000000000000000000000000060287a930000000000000000000000000000000000000000000000000000000000000002000000000000000000000000b31f66aa3c1e785363f0875a1b74e27b85fd66c7000000000000000000000000474bb79c3e8e65dcc6df30f9de68592ed48bbfdbe54ca86531e17ef3616d22ca28b0d458b6c89106000000000000000000000000000000000000000000000000000000000000010438ed173900000000000000000000000000000000000000000000003f852f54ab8fb6b25e000000000000000000000000000000000000000000000000000000000000000000000000000000000000000000000000000000000000000000000000000000a0000000000000000000000000d11828308fc7c84ea31ccd398e609468d6d207130000000000000000000000000000000000000000000000000000000060287a930000000000000000000000000000000000000000000000000000000000000002000000000000000000000000474bb79c3e8e65dcc6df30f9de68592ed48bbfdb000000000000000000000000ba7deebbfc5fa1100fb055a87773e1e99cd3507ae54ca86531e17ef3616d22ca28b0d458b6c891060000000000000000000000000000000000000000000000000000000000000104676528d100000000000000000000000000000000000000000000003bfe0946d7be82c20e000000000000000000000000000000000000000000000000000000000000000000000000000000000000000000000000000000000000000000000000000000a0000000000000000000000000d11828308fc7c84ea31ccd398e609468d6d207130000000000000000000000000000000000000000000000000000000060287a930000000000000000000000000000000000000000000000000000000000000002000000000000000000000000ba7deebbfc5fa1100fb055a87773e1e99cd3507a000000000000000000000000b31f66aa3c1e785363f0875a1b74e27b85fd66c7000000000000000000000000000000000000000000000000""}, code=UNPREDICTABLE_GAS_LIMIT, version=providers/5.0.22)"
avalanche-singapore,0x103c7BEC38a948b738A430B2b685654dd95bE0A5,10000000000000000000000,123616,1613265257728,I0018,"24744674132424078184
1171741859070478824030
1106663140401715790350
26172283296576356811",1427609164152278627,1318569164152278627,,false,85995d5f8ee9645ca855e92de16fa62d2639806000000000000000000000000000000000000000000000000000000000000000e47ff36ab500000000000000000000000000000000000000000000000000000000000000000000000000000000000000000000000000000000000000000000000000000080000000000000000000000000d11828308fc7c84ea31ccd398e609468d6d207130000000000000000000000000000000000000000000000000000000060287a960000000000000000000000000000000000000000000000000000000000000002000000000000000000000000b31f66aa3c1e785363f0875a1b74e27b85fd66c7000000000000000000000000474bb79c3e8e65dcc6df30f9de68592ed48bbfdbe54ca86531e17ef3616d22ca28b0d458b6c89106000000000000000000000000000000000000000000000000000000000000010438ed173900000000000000000000000000000000000000000000003f852f54ab8fb6b25e000000000000000000000000000000000000000000000000000000000000000000000000000000000000000000000000000000000000000000000000000000a0000000000000000000000000d11828308fc7c84ea31ccd398e609468d6d207130000000000000000000000000000000000000000000000000000000060287a960000000000000000000000000000000000000000000000000000000000000002000000000000000000000000474bb79c3e8e65dcc6df30f9de68592ed48bbfdb000000000000000000000000ba7deebbfc5fa1100fb055a87773e1e99cd3507ae54ca86531e17ef3616d22ca28b0d458b6c891060000000000000000000000000000000000000000000000000000000000000104676528d100000000000000000000000000000000000000000000003bfe0946d7be82c20e000000000000000000000000000000000000000000000000000000000000000000000000000000000000000000000000000000000000000000000000000000a0000000000000000000000000d11828308fc7c84ea31ccd398e609468d6d207130000000000000000000000000000000000000000000000000000000060287a960000000000000000000000000000000000000000000000000000000000000002000000000000000000000000ba7deebbfc5fa1100fb055a87773e1e99cd3507a000000000000000000000000b31f66aa3c1e785363f0875a1b74e27b85fd66c7,"Error: cannot estimate gas; transaction may fail or may require manual gas limit (error={""code"":3,""response"":""{\""jsonrpc\"":\""2.0\"",\""id\"":23516,\""error\"":{\""code\"":3,\""message\"":\""execution reverted: TransferHelper: TRANSFER_FROM_FAILED\"",\""data\"":\""0x08c379a0000000000000000000000000000000000000000000000000000000000000002000000000000000000000000000000000000000000000000000000000000000245472616e7366657248656c7065723a205452414e534645525f46524f4d5f4641494c454400000000000000000000000000000000000000000000000000000000\""}}\n""}, method=""estimateGas"", transaction={""from"":""0x103c7BEC38a948b738A430B2b685654dd95bE0A5"",""gasLimit"":{""type"":""BigNumber"",""hex"":""0x07a120""},""to"":""0xd11828308Fc7C84Ea31CCD398E609468d6D20713"",""data"":""0x4165027900000000000000000000000000000000000000000000000000000000000000400000000000000000000000000000000000000000000000015766be0541ef3368000000000000000000000000000000000000000000000000000000000000038885995d5f8ee9645ca855e92de16fa62d2639806000000000000000000000000000000000000000000000000000000000000000e47ff36ab500000000000000000000000000000000000000000000000000000000000000000000000000000000000000000000000000000000000000000000000000000080000000000000000000000000d11828308fc7c84ea31ccd398e609468d6d207130000000000000000000000000000000000000000000000000000000060287a960000000000000000000000000000000000000000000000000000000000000002000000000000000000000000b31f66aa3c1e785363f0875a1b74e27b85fd66c7000000000000000000000000474bb79c3e8e65dcc6df30f9de68592ed48bbfdbe54ca86531e17ef3616d22ca28b0d458b6c89106000000000000000000000000000000000000000000000000000000000000010438ed173900000000000000000000000000000000000000000000003f852f54ab8fb6b25e000000000000000000000000000000000000000000000000000000000000000000000000000000000000000000000000000000000000000000000000000000a0000000000000000000000000d11828308fc7c84ea31ccd398e609468d6d207130000000000000000000000000000000000000000000000000000000060287a960000000000000000000000000000000000000000000000000000000000000002000000000000000000000000474bb79c3e8e65dcc6df30f9de68592ed48bbfdb000000000000000000000000ba7deebbfc5fa1100fb055a87773e1e99cd3507ae54ca86531e17ef3616d22ca28b0d458b6c891060000000000000000000000000000000000000000000000000000000000000104676528d100000000000000000000000000000000000000000000003bfe0946d7be82c20e000000000000000000000000000000000000000000000000000000000000000000000000000000000000000000000000000000000000000000000000000000a0000000000000000000000000d11828308fc7c84ea31ccd398e609468d6d207130000000000000000000000000000000000000000000000000000000060287a960000000000000000000000000000000000000000000000000000000000000002000000000000000000000000ba7deebbfc5fa1100fb055a87773e1e99cd3507a000000000000000000000000b31f66aa3c1e785363f0875a1b74e27b85fd66c7000000000000000000000000000000000000000000000000""}, code=UNPREDICTABLE_GAS_LIMIT, version=providers/5.0.22)"
avalanche-singapore,0x103c7BEC38a948b738A430B2b685654dd95bE0A5,10000000000000000000000,123641,1613265447203,I0018,"24810749471137598073
1174865867128926649562
1109457761758700844744
26245994582978251029",1435245111840652956,1326205111840652956,,false,85995d5f8ee9645ca855e92de16fa62d2639806000000000000000000000000000000000000000000000000000000000000000e47ff36ab500000000000000000000000000000000000000000000000000000000000000000000000000000000000000000000000000000000000000000000000000000080000000000000000000000000d11828308fc7c84ea31ccd398e609468d6d207130000000000000000000000000000000000000000000000000000000060287b530000000000000000000000000000000000000000000000000000000000000002000000000000000000000000b31f66aa3c1e785363f0875a1b74e27b85fd66c7000000000000000000000000474bb79c3e8e65dcc6df30f9de68592ed48bbfdbe54ca86531e17ef3616d22ca28b0d458b6c89106000000000000000000000000000000000000000000000000000000000000010438ed173900000000000000000000000000000000000000000000003fb08a097296f43cda000000000000000000000000000000000000000000000000000000000000000000000000000000000000000000000000000000000000000000000000000000a0000000000000000000000000d11828308fc7c84ea31ccd398e609468d6d207130000000000000000000000000000000000000000000000000000000060287b530000000000000000000000000000000000000000000000000000000000000002000000000000000000000000474bb79c3e8e65dcc6df30f9de68592ed48bbfdb000000000000000000000000ba7deebbfc5fa1100fb055a87773e1e99cd3507ae54ca86531e17ef3616d22ca28b0d458b6c891060000000000000000000000000000000000000000000000000000000000000104676528d100000000000000000000000000000000000000000000003c24d1c4290f5336c8000000000000000000000000000000000000000000000000000000000000000000000000000000000000000000000000000000000000000000000000000000a0000000000000000000000000d11828308fc7c84ea31ccd398e609468d6d207130000000000000000000000000000000000000000000000000000000060287b530000000000000000000000000000000000000000000000000000000000000002000000000000000000000000ba7deebbfc5fa1100fb055a87773e1e99cd3507a000000000000000000000000b31f66aa3c1e785363f0875a1b74e27b85fd66c7,"Error: cannot estimate gas; transaction may fail or may require manual gas limit (error={""code"":3,""response"":""{\""jsonrpc\"":\""2.0\"",\""id\"":21,\""error\"":{\""code\"":3,\""message\"":\""execution reverted: TransferHelper: TRANSFER_FROM_FAILED\"",\""data\"":\""0x08c379a0000000000000000000000000000000000000000000000000000000000000002000000000000000000000000000000000000000000000000000000000000000245472616e7366657248656c7065723a205452414e534645525f46524f4d5f4641494c454400000000000000000000000000000000000000000000000000000000\""}}\n""}, method=""estimateGas"", transaction={""from"":""0x103c7BEC38a948b738A430B2b685654dd95bE0A5"",""gasLimit"":{""type"":""BigNumber"",""hex"":""0x07a120""},""to"":""0xd11828308Fc7C84Ea31CCD398E609468d6D20713"",""data"":""0x41650279000000000000000000000000000000000000000000000000000000000000004000000000000000000000000000000000000000000000000158517d30e65e0a79000000000000000000000000000000000000000000000000000000000000038885995d5f8ee9645ca855e92de16fa62d2639806000000000000000000000000000000000000000000000000000000000000000e47ff36ab500000000000000000000000000000000000000000000000000000000000000000000000000000000000000000000000000000000000000000000000000000080000000000000000000000000d11828308fc7c84ea31ccd398e609468d6d207130000000000000000000000000000000000000000000000000000000060287b530000000000000000000000000000000000000000000000000000000000000002000000000000000000000000b31f66aa3c1e785363f0875a1b74e27b85fd66c7000000000000000000000000474bb79c3e8e65dcc6df30f9de68592ed48bbfdbe54ca86531e17ef3616d22ca28b0d458b6c89106000000000000000000000000000000000000000000000000000000000000010438ed173900000000000000000000000000000000000000000000003fb08a097296f43cda000000000000000000000000000000000000000000000000000000000000000000000000000000000000000000000000000000000000000000000000000000a0000000000000000000000000d11828308fc7c84ea31ccd398e609468d6d207130000000000000000000000000000000000000000000000000000000060287b530000000000000000000000000000000000000000000000000000000000000002000000000000000000000000474bb79c3e8e65dcc6df30f9de68592ed48bbfdb000000000000000000000000ba7deebbfc5fa1100fb055a87773e1e99cd3507ae54ca86531e17ef3616d22ca28b0d458b6c891060000000000000000000000000000000000000000000000000000000000000104676528d100000000000000000000000000000000000000000000003c24d1c4290f5336c8000000000000000000000000000000000000000000000000000000000000000000000000000000000000000000000000000000000000000000000000000000a0000000000000000000000000d11828308fc7c84ea31ccd398e609468d6d207130000000000000000000000000000000000000000000000000000000060287b530000000000000000000000000000000000000000000000000000000000000002000000000000000000000000ba7deebbfc5fa1100fb055a87773e1e99cd3507a000000000000000000000000b31f66aa3c1e785363f0875a1b74e27b85fd66c7000000000000000000000000000000000000000000000000""}, code=UNPREDICTABLE_GAS_LIMIT, version=providers/5.0.22)"
avalanche-singapore,0x103c7BEC38a948b738A430B2b685654dd95bE0A5,10000000000000000000000,123658,1613265588650,I0018,"23519764237023934970
1106780938589990663373
1048373055017856691754
24801482234057469734",1281717997033534764,1172677997033534764,,false,85995d5f8ee9645ca855e92de16fa62d2639806000000000000000000000000000000000000000000000000000000000000000e47ff36ab500000000000000000000000000000000000000000000000000000000000000000000000000000000000000000000000000000000000000000000000000000080000000000000000000000000d11828308fc7c84ea31ccd398e609468d6d207130000000000000000000000000000000000000000000000000000000060287be10000000000000000000000000000000000000000000000000000000000000002000000000000000000000000b31f66aa3c1e785363f0875a1b74e27b85fd66c7000000000000000000000000474bb79c3e8e65dcc6df30f9de68592ed48bbfdbe54ca86531e17ef3616d22ca28b0d458b6c89106000000000000000000000000000000000000000000000000000000000000010438ed173900000000000000000000000000000000000000000000003bffabc7abbdd1b4cd000000000000000000000000000000000000000000000000000000000000000000000000000000000000000000000000000000000000000000000000000000a0000000000000000000000000d11828308fc7c84ea31ccd398e609468d6d207130000000000000000000000000000000000000000000000000000000060287be10000000000000000000000000000000000000000000000000000000000000002000000000000000000000000474bb79c3e8e65dcc6df30f9de68592ed48bbfdb000000000000000000000000ba7deebbfc5fa1100fb055a87773e1e99cd3507ae54ca86531e17ef3616d22ca28b0d458b6c891060000000000000000000000000000000000000000000000000000000000000104676528d1000000000000000000000000000000000000000000000038d5194b052e666e2a000000000000000000000000000000000000000000000000000000000000000000000000000000000000000000000000000000000000000000000000000000a0000000000000000000000000d11828308fc7c84ea31ccd398e609468d6d207130000000000000000000000000000000000000000000000000000000060287be10000000000000000000000000000000000000000000000000000000000000002000000000000000000000000ba7deebbfc5fa1100fb055a87773e1e99cd3507a000000000000000000000000b31f66aa3c1e785363f0875a1b74e27b85fd66c7,"Error: cannot estimate gas; transaction may fail or may require manual gas limit (error={""code"":3,""response"":""{\""jsonrpc\"":\""2.0\"",\""id\"":20,\""error\"":{\""code\"":3,\""message\"":\""execution reverted: TransferHelper: TRANSFER_FROM_FAILED\"",\""data\"":\""0x08c379a0000000000000000000000000000000000000000000000000000000000000002000000000000000000000000000000000000000000000000000000000000000245472616e7366657248656c7065723a205452414e534645525f46524f4d5f4641494c454400000000000000000000000000000000000000000000000000000000\""}}\n""}, method=""estimateGas"", transaction={""from"":""0x103c7BEC38a948b738A430B2b685654dd95bE0A5"",""gasLimit"":{""type"":""BigNumber"",""hex"":""0x07a120""},""to"":""0xd11828308Fc7C84Ea31CCD398E609468d6D20713"",""data"":""0x4165027900000000000000000000000000000000000000000000000000000000000000400000000000000000000000000000000000000000000000014666fcf5e4bf79fa000000000000000000000000000000000000000000000000000000000000038885995d5f8ee9645ca855e92de16fa62d2639806000000000000000000000000000000000000000000000000000000000000000e47ff36ab500000000000000000000000000000000000000000000000000000000000000000000000000000000000000000000000000000000000000000000000000000080000000000000000000000000d11828308fc7c84ea31ccd398e609468d6d207130000000000000000000000000000000000000000000000000000000060287be10000000000000000000000000000000000000000000000000000000000000002000000000000000000000000b31f66aa3c1e785363f0875a1b74e27b85fd66c7000000000000000000000000474bb79c3e8e65dcc6df30f9de68592ed48bbfdbe54ca86531e17ef3616d22ca28b0d458b6c89106000000000000000000000000000000000000000000000000000000000000010438ed173900000000000000000000000000000000000000000000003bffabc7abbdd1b4cd000000000000000000000000000000000000000000000000000000000000000000000000000000000000000000000000000000000000000000000000000000a0000000000000000000000000d11828308fc7c84ea31ccd398e609468d6d207130000000000000000000000000000000000000000000000000000000060287be10000000000000000000000000000000000000000000000000000000000000002000000000000000000000000474bb79c3e8e65dcc6df30f9de68592ed48bbfdb000000000000000000000000ba7deebbfc5fa1100fb055a87773e1e99cd3507ae54ca86531e17ef3616d22ca28b0d458b6c891060000000000000000000000000000000000000000000000000000000000000104676528d1000000000000000000000000000000000000000000000038d5194b052e666e2a000000000000000000000000000000000000000000000000000000000000000000000000000000000000000000000000000000000000000000000000000000a0000000000000000000000000d11828308fc7c84ea31ccd398e609468d6d207130000000000000000000000000000000000000000000000000000000060287be10000000000000000000000000000000000000000000000000000000000000002000000000000000000000000ba7deebbfc5fa1100fb055a87773e1e99cd3507a000000000000000000000000b31f66aa3c1e785363f0875a1b74e27b85fd66c7000000000000000000000000000000000000000000000000""}, code=UNPREDICTABLE_GAS_LIMIT, version=providers/5.0.22)"
avalanche-singapore,0x103c7BEC38a948b738A430B2b685654dd95bE0A5,10000000000000000000000,123757,1613266227861,I0015,"11549085107048607437
313075967121783762
267914497035909152
11676874259646623873",127789152598016436,18749152598016436,,,,
avalanche-singapore,0x103c7BEC38a948b738A430B2b685654dd95bE0A5,10000000000000000000000,123812,1613266806716,I0018,"29127810040013518115
1364602160970793588411
1277729244402943473158
31085594675634487542",1957784635620969427,1848744635620969427,,false,85995d5f8ee9645ca855e92de16fa62d2639806000000000000000000000000000000000000000000000000000000000000000e47ff36ab500000000000000000000000000000000000000000000000000000000000000000000000000000000000000000000000000000000000000000000000000000080000000000000000000000000d11828308fc7c84ea31ccd398e609468d6d2071300000000000000000000000000000000000000000000000000000000602880a30000000000000000000000000000000000000000000000000000000000000002000000000000000000000000b31f66aa3c1e785363f0875a1b74e27b85fd66c7000000000000000000000000474bb79c3e8e65dcc6df30f9de68592ed48bbfdbe54ca86531e17ef3616d22ca28b0d458b6c89106000000000000000000000000000000000000000000000000000000000000010438ed1739000000000000000000000000000000000000000000000049f9a8c36e4a9196bb000000000000000000000000000000000000000000000000000000000000000000000000000000000000000000000000000000000000000000000000000000a0000000000000000000000000d11828308fc7c84ea31ccd398e609468d6d2071300000000000000000000000000000000000000000000000000000000602880a30000000000000000000000000000000000000000000000000000000000000002000000000000000000000000474bb79c3e8e65dcc6df30f9de68592ed48bbfdb000000000000000000000000ba7deebbfc5fa1100fb055a87773e1e99cd3507ae54ca86531e17ef3616d22ca28b0d458b6c891060000000000000000000000000000000000000000000000000000000000000104676528d1000000000000000000000000000000000000000000000045440e2a15b5b73606000000000000000000000000000000000000000000000000000000000000000000000000000000000000000000000000000000000000000000000000000000a0000000000000000000000000d11828308fc7c84ea31ccd398e609468d6d2071300000000000000000000000000000000000000000000000000000000602880a30000000000000000000000000000000000000000000000000000000000000002000000000000000000000000ba7deebbfc5fa1100fb055a87773e1e99cd3507a000000000000000000000000b31f66aa3c1e785363f0875a1b74e27b85fd66c7,"Error: cannot estimate gas; transaction may fail or may require manual gas limit (error={""code"":3,""response"":""{\""jsonrpc\"":\""2.0\"",\""id\"":21,\""error\"":{\""code\"":3,\""message\"":\""execution reverted: TransferHelper: TRANSFER_FROM_FAILED\"",\""data\"":\""0x08c379a0000000000000000000000000000000000000000000000000000000000000002000000000000000000000000000000000000000000000000000000000000000245472616e7366657248656c7065723a205452414e534645525f46524f4d5f4641494c454400000000000000000000000000000000000000000000000000000000\""}}\n""}, method=""estimateGas"", transaction={""from"":""0x103c7BEC38a948b738A430B2b685654dd95bE0A5"",""gasLimit"":{""type"":""BigNumber"",""hex"":""0x07a120""},""to"":""0xd11828308Fc7C84Ea31CCD398E609468d6D20713"",""data"":""0x416502790000000000000000000000000000000000000000000000000000000000000040000000000000000000000000000000000000000000000001943ac4e7d80ff523000000000000000000000000000000000000000000000000000000000000038885995d5f8ee9645ca855e92de16fa62d2639806000000000000000000000000000000000000000000000000000000000000000e47ff36ab500000000000000000000000000000000000000000000000000000000000000000000000000000000000000000000000000000000000000000000000000000080000000000000000000000000d11828308fc7c84ea31ccd398e609468d6d2071300000000000000000000000000000000000000000000000000000000602880a30000000000000000000000000000000000000000000000000000000000000002000000000000000000000000b31f66aa3c1e785363f0875a1b74e27b85fd66c7000000000000000000000000474bb79c3e8e65dcc6df30f9de68592ed48bbfdbe54ca86531e17ef3616d22ca28b0d458b6c89106000000000000000000000000000000000000000000000000000000000000010438ed1739000000000000000000000000000000000000000000000049f9a8c36e4a9196bb000000000000000000000000000000000000000000000000000000000000000000000000000000000000000000000000000000000000000000000000000000a0000000000000000000000000d11828308fc7c84ea31ccd398e609468d6d2071300000000000000000000000000000000000000000000000000000000602880a30000000000000000000000000000000000000000000000000000000000000002000000000000000000000000474bb79c3e8e65dcc6df30f9de68592ed48bbfdb000000000000000000000000ba7deebbfc5fa1100fb055a87773e1e99cd3507ae54ca86531e17ef3616d22ca28b0d458b6c891060000000000000000000000000000000000000000000000000000000000000104676528d1000000000000000000000000000000000000000000000045440e2a15b5b73606000000000000000000000000000000000000000000000000000000000000000000000000000000000000000000000000000000000000000000000000000000a0000000000000000000000000d11828308fc7c84ea31ccd398e609468d6d2071300000000000000000000000000000000000000000000000000000000602880a30000000000000000000000000000000000000000000000000000000000000002000000000000000000000000ba7deebbfc5fa1100fb055a87773e1e99cd3507a000000000000000000000000b31f66aa3c1e785363f0875a1b74e27b85fd66c7000000000000000000000000000000000000000000000000""}, code=UNPREDICTABLE_GAS_LIMIT, version=providers/5.0.22)"
avalanche-singapore,0x103c7BEC38a948b738A430B2b685654dd95bE0A5,10000000000000000000000,123813,1613266808332,I0018,"29127810040013518115
1364602160970793588411
1277729244402943473158
31085594675634487542",1957784635620969427,1848744635620969427,,false,85995d5f8ee9645ca855e92de16fa62d2639806000000000000000000000000000000000000000000000000000000000000000e47ff36ab500000000000000000000000000000000000000000000000000000000000000000000000000000000000000000000000000000000000000000000000000000080000000000000000000000000d11828308fc7c84ea31ccd398e609468d6d2071300000000000000000000000000000000000000000000000000000000602880a40000000000000000000000000000000000000000000000000000000000000002000000000000000000000000b31f66aa3c1e785363f0875a1b74e27b85fd66c7000000000000000000000000474bb79c3e8e65dcc6df30f9de68592ed48bbfdbe54ca86531e17ef3616d22ca28b0d458b6c89106000000000000000000000000000000000000000000000000000000000000010438ed1739000000000000000000000000000000000000000000000049f9a8c36e4a9196bb000000000000000000000000000000000000000000000000000000000000000000000000000000000000000000000000000000000000000000000000000000a0000000000000000000000000d11828308fc7c84ea31ccd398e609468d6d2071300000000000000000000000000000000000000000000000000000000602880a40000000000000000000000000000000000000000000000000000000000000002000000000000000000000000474bb79c3e8e65dcc6df30f9de68592ed48bbfdb000000000000000000000000ba7deebbfc5fa1100fb055a87773e1e99cd3507ae54ca86531e17ef3616d22ca28b0d458b6c891060000000000000000000000000000000000000000000000000000000000000104676528d1000000000000000000000000000000000000000000000045440e2a15b5b73606000000000000000000000000000000000000000000000000000000000000000000000000000000000000000000000000000000000000000000000000000000a0000000000000000000000000d11828308fc7c84ea31ccd398e609468d6d2071300000000000000000000000000000000000000000000000000000000602880a40000000000000000000000000000000000000000000000000000000000000002000000000000000000000000ba7deebbfc5fa1100fb055a87773e1e99cd3507a000000000000000000000000b31f66aa3c1e785363f0875a1b74e27b85fd66c7,"Error: cannot estimate gas; transaction may fail or may require manual gas limit (error={""code"":3,""response"":""{\""jsonrpc\"":\""2.0\"",\""id\"":1607,\""error\"":{\""code\"":3,\""message\"":\""execution reverted: TransferHelper: TRANSFER_FROM_FAILED\"",\""data\"":\""0x08c379a0000000000000000000000000000000000000000000000000000000000000002000000000000000000000000000000000000000000000000000000000000000245472616e7366657248656c7065723a205452414e534645525f46524f4d5f4641494c454400000000000000000000000000000000000000000000000000000000\""}}\n""}, method=""estimateGas"", transaction={""from"":""0x103c7BEC38a948b738A430B2b685654dd95bE0A5"",""gasLimit"":{""type"":""BigNumber"",""hex"":""0x07a120""},""to"":""0xd11828308Fc7C84Ea31CCD398E609468d6D20713"",""data"":""0x416502790000000000000000000000000000000000000000000000000000000000000040000000000000000000000000000000000000000000000001943ac4e7d80ff523000000000000000000000000000000000000000000000000000000000000038885995d5f8ee9645ca855e92de16fa62d2639806000000000000000000000000000000000000000000000000000000000000000e47ff36ab500000000000000000000000000000000000000000000000000000000000000000000000000000000000000000000000000000000000000000000000000000080000000000000000000000000d11828308fc7c84ea31ccd398e609468d6d2071300000000000000000000000000000000000000000000000000000000602880a40000000000000000000000000000000000000000000000000000000000000002000000000000000000000000b31f66aa3c1e785363f0875a1b74e27b85fd66c7000000000000000000000000474bb79c3e8e65dcc6df30f9de68592ed48bbfdbe54ca86531e17ef3616d22ca28b0d458b6c89106000000000000000000000000000000000000000000000000000000000000010438ed1739000000000000000000000000000000000000000000000049f9a8c36e4a9196bb000000000000000000000000000000000000000000000000000000000000000000000000000000000000000000000000000000000000000000000000000000a0000000000000000000000000d11828308fc7c84ea31ccd398e609468d6d2071300000000000000000000000000000000000000000000000000000000602880a40000000000000000000000000000000000000000000000000000000000000002000000000000000000000000474bb79c3e8e65dcc6df30f9de68592ed48bbfdb000000000000000000000000ba7deebbfc5fa1100fb055a87773e1e99cd3507ae54ca86531e17ef3616d22ca28b0d458b6c891060000000000000000000000000000000000000000000000000000000000000104676528d1000000000000000000000000000000000000000000000045440e2a15b5b73606000000000000000000000000000000000000000000000000000000000000000000000000000000000000000000000000000000000000000000000000000000a0000000000000000000000000d11828308fc7c84ea31ccd398e609468d6d2071300000000000000000000000000000000000000000000000000000000602880a40000000000000000000000000000000000000000000000000000000000000002000000000000000000000000ba7deebbfc5fa1100fb055a87773e1e99cd3507a000000000000000000000000b31f66aa3c1e785363f0875a1b74e27b85fd66c7000000000000000000000000000000000000000000000000""}, code=UNPREDICTABLE_GAS_LIMIT, version=providers/5.0.22)"
avalanche-singapore,0x103c7BEC38a948b738A430B2b685654dd95bE0A5,10000000000000000000000,123821,1613266890106,I0018,"29291277520278292791
1372246420970753819917
1284449067700104518978
31271103380244417962",1979825859966125171,1870785859966125171,,,,
avalanche-singapore,0x103c7BEC38a948b738A430B2b685654dd95bE0A5,10000000000000000000000,123976,1613268443511,I0018,"54697148114169668301
2558902271179721304329
2274859824397069407181
61602374647022532948",6905226532852864647,6796186532852864647,,,,
avalanche-singapore,0x103c7BEC38a948b738A430B2b685654dd95bE0A5,10000000000000000000000,124002,1613268597647,I0015,"15513858482066824203
429102453682257989
358527139026920911
15746765545353404500",232907063286580297,123867063286580297,,,,
avalanche-singapore,0x103c7BEC38a948b738A430B2b685654dd95bE0A5,10000000000000000000000,124093,1613269414413,I0018,"54119176670774315766
2571313884603028725090
2284693295263760537343
60982707730659328493",6863531059885012727,6754491059885012727,,,,
avalanche-singapore,0x103c7BEC38a948b738A430B2b685654dd95bE0A5,10000000000000000000000,124104,1613269592807,I0015,"19319247089931282206
553820502679977727
448502078172656034
19688373949764624520",369126859833342314,260086859833342314,,,,
avalanche-singapore,0x103c7BEC38a948b738A430B2b685654dd95bE0A5,10000000000000000000000,124154,1613270027737,I0015,"10808814064107728089
304811182689725915
248781815784850801
10922432188609115717",113618124501387628,4578124501387628,,,,
avalanche-singapore,0x103c7BEC38a948b738A430B2b685654dd95bE0A5,10000000000000000000000,124184,1613270310349,I0015,"10800881744104095492
311090721232361650
249023036125080134
10915615946902541835",114734202798446343,5694202798446343,,,,
avalanche-singapore,0x103c7BEC38a948b738A430B2b685654dd95bE0A5,10000000000000000000000,124198,1613270454103,I0015,"31136409875170002845
953055708087085007
733677194466072024
32139677377521351411",1003267502351348566,894227502351348566,,,,
avalanche-singapore,0x103c7BEC38a948b738A430B2b685654dd95bE0A5,10000000000000000000000,128251,1613311027754,I0016,"94612042555430419084
2075082957768405715
2491249584467861531
103156337797332898853",8544295241902479769,8435255241902479769,,,,
avalanche-singapore,0x103c7BEC38a948b738A430B2b685654dd95bE0A5,10000000000000000000000,128256,1613311042509,I0019,"24536854523908676266
916215599102457734475
1096941491665616924355
25790873062342488330",1254018538433812064,1144978538433812064,,,,
