oppId,updateId,findingBlock,pathId,amountIn,predictedNetProfit,predictedGrossProfit,predictedGas,txHash,internalError,executionTime
604bbf8f3a37a54c103554062a3c14b5,c07574b2e202eaf1fb2631b4489112e4,1079369,I01401,7584924363588392695,133177473015509111,194377473015509111,272000,,Tx submission timeout reached,
39bc15b02bb7a5d16ab0c1921a42e7ce,d628e61c333e27ba6bb07c9e68e3fcde,1079939,I04196,39423780446776674174,460065824749231185,548265824749231185,392000,,Tx submission timeout reached,
921c05b80455ec4fffb02bc5680be38e,f8f0893de7459efcc3aa8cc7c1a93683,1081314,I03485,5224830876304734415,64065634322608555,152265634322608555,392000,,Tx submission timeout reached,
5e751fa5ccabefa1f4105348184f176c,752154900f277bb036c05c2d1241cafd,1081838,I03629,35665848376329762039,202860736873789955,291060736873789955,392000,,Tx submission timeout reached,
f3316b629511df322daed040dce0914a,ee32e2d07e6f63aedab6a403a75647c1,1082036,I03730,30429469762275583359,65910143804938268,127110143804938268,272000,,Tx submission timeout reached,
f3316b629511df322daed040dce0914a,ee32e2d07e6f63aedab6a403a75647c1,1082036,I03730,30429469762275583359,65910143804938268,127110143804938268,272000,,Tx submission timeout reached,
f6188552f3efea603e7af875a6430615,c1d58e1fc286819c272e59921dc57ac4,1082276,I00644,8432136150470697080,85313224854823435,146513224854823435,272000,,Tx submission timeout reached,
38186ee631d5d58565f03cbd6d150015,3da2e5d482c4bd5116d62ab0381c8283,1082284,I04142,8459559950101608894,95892513094344870,157092513094344870,272000,,Tx submission timeout reached,
1de1c9573ba9898852535788cb5b3350,b12ec594d89f5cfbefb3502f2fdd4565,1082320,I00644,8427606659950101098,85153113309978060,146353113309978060,272000,,Tx submission timeout reached,
b94c8b381cc5cb76f2ed0bb2c37e5bdb,e2847da00d0f819686c9570c7796c9fd,1082322,I00644,8427488718740789239,85151065153024038,146351065153024038,272000,,Tx submission timeout reached,
3c9f9099f3e4952f4d35d2d658dfd613,3b430227ff480b6e0d4e842b6d28849e,1082336,I04142,7893626575760434933,75242724416261975,136442724416261975,272000,,Tx submission timeout reached,
37e1260cfb5287110e49760f2bc8bd67,1082336P90593322463a8ef1b4385bd3c28ebf29,1082336,I00644,8504163040350254967,87874108718610871,149074108718610871,272000,,Tx submission timeout reached,
812e4c46ebc12c349bed5e5f62e6ed21,312f7852daaa2664f6cf0046276de0f3,1082346,I02152,8317700534582200416,64438002075940843,152638002075940843,392000,,Tx submission timeout reached,
fd9704e67455d280f4e845b6980a7082,d02d6e22d730d7fc4187b5afc8a1e4a8,1082352,I00644,8362844411164974752,82875444774336678,144075444774336678,272000,,Tx submission timeout reached,
ed1a272f6aefcaa311a6de7ba0902c3e,545fc9018fc94b354e98f5b1d36a3195,1082380,I04142,7290071514784498139,54873150696819814,116073150696819814,272000,,Tx submission timeout reached,
75c0d763e8f7e0b6eaa9e7c3cbe2a514,4b73994b043c0a5d155e37e60818e67a,1082388,I02152,9037281403225869134,92573320825527414,180773320825527414,392000,,Tx submission timeout reached,
2ff8fc7e9841ef18aae45d58233852f7,c99cf675832ac62c83a958bbff17a2c1,1082652,I03731,28176649705977004263,161258188184099912,249458188184099912,392000,,Tx submission timeout reached,
1c61c83186b910734989e441aacac1ca,9b45d1fc40017b3432c3777048fdeb80,1083402,I03783,39420179379538185743,131971000963256879,193171000963256879,272000,,Tx submission timeout reached,
594b267c1cfea2fe5e1f0ad0a039aaad,cd4f759595b96a652979548fe72ed6b9,1083632,I03731,138427704859528289861,6049923442932527688,6138123442932527688,392000,,Tx submission timeout reached,
f09541d1283787431cae058a6f156c14,5f828c570e11109992b7439460ee47c3,1083830,I00458,26110553339505721161,66073910182874372,127273910182874372,272000,,Tx submission timeout reached,
d3918b5625a8c335d94f537e888096a7,502cc29b4aa94d566f1bafd08bbfdfe0,1079399,I03536,8500166910621075238,90431909545030965,178631909545030965,392000,0x2a514edce6f0021aa8fc9ed6469069fd7c770b4e45ca219bd214772f10a873ed,,0
27cf12bf866f6bc557f1f0f978ef8378,ffd12396c7580e4d9d4faa2d3cda86d7,1079467,I00466,105037320019686836206,150064068284964555,238264068284964555,392000,0x0eb8d83d51edb96d2f1bf45aac20d982a7f3924b86a4daa6269ef551de5071f5,,0
44da00c3db8cc8f9ff14d122d3d89803,94d2c41658ab75febdfb5ce8cd94153b,1079563,I03631,55056090779052918945,595326478701598603,683526478701598603,392000,0x353a9f837efaa531f5a05c90dcf248289c71f16e1ed244213d1a1b2c3ef10fb8,,2859
693a90a6dc3cc9b1d6340f2484d5ac8d,b1aca58b1e86129f07c2bc91e4589029,1080131,I03730,65532877921541858746,554448015663131769,615648015663131769,272000,0xe1c42f3b217c59ef3aa44ee44d6dbf1f84070a2f86a816db73374e59eee8147d,,1689
a63abd4115efca73c117ef8350adf797,cc7d9e03323bdf2d11a904cce8b8a1a8,1079971,I04196,29771143147191114155,226039744631274800,314239744631274800,392000,0xa2a01b72f4a1e65765db6eeeaaf1441953d1fa2c9b73f2ca16911dde6650e18e,,3013
35be02f32aa024253a78f2e2f3f50144,0d4ae0f82440e41a030cd50e5e59ede6,1080193,I03731,82273073734776544456,2243756471496349091,2331956471496349091,392000,0x616173b841f465ad7b4f5b0e7dd201f1f2fc3b930f6fed22d3e97d76c9576ab7,,8445
f0d66d18e93d536dca3ca949638d50de,a5eaf3ba466e8c496b89b8a9886fb480,1080209,I03730,151381724773487100534,3262216754915058093,3323416754915058093,272000,0x4ee06f75a127e5332bc2a4c9ecf8de326438569df71a5f183c9ee94857cffc79,,2776
9206600fa78362cc2fe6ff8a96a7dc9c,e0a3c933fe0f42359f946af39b8d78d1,1080832,I03731,82612533274266626906,2165437911601621717,2253637911601621717,392000,0x033a708a3dfabd7a9e0b9a7ac4b20f8b15e2cf6113024d880867b08570634c29,,3133
08e97aac9e7fdf1506138e2e2ee423db,b5d312133241f7823e4a1d0d11357621,1081304,I03536,26947906862611761795,1898727593432471731,1986927593432471731,392000,0x4c3a99be871a7c987b3ebcb87026ae04e73c3ad36b19f5e13851c36d3e8dc936,,2741
1c70119380009568af23c6d2f307d175,f20f3b5a989e8c9bddbb544c2434dcf3,1081432,I02174,74843176760486014168,353802570933621033,442002570933621033,392000,0xd5ce131551586b4d5c2d780f570a04b1fb366bbee6f38858e5b174f2c959e532,,3032
c50a40ac6356e7a6b0c5b17e531e2aa7,d4c25479e465012bb03dbde0ab867cc3,1081468,I02174,84914673785299093903,477546584133255485,565746584133255485,392000,0xcf1438b6a337de1bf2807c5810137e33e5d594a7f06eb0648ecc74184afcaf79,,7136
2cf571d1e1084ec99adc0fb577fff8de,0a4356fc9f34fe1b78f93d05409d9ab0,1080720,I03626,116884696043000907139,2642266873927746466,2730466873927746466,392000,0x6166fb9c50b428e2f1adf5a815d3273a3880f452915b4a94729d8c7e6cb98a35,,3503
328cacc38e52a33edd05f7c99d56c212,4614b816bc3651ce176688ce447be816,1081948,I03484,9655741485403920851,154342546933356175,242542546933356175,392000,0xda8839ca866e86b9399424cba3c9e0c214ce8b9d4714d53751dc24d4b36b3902,,1964
93348de4d68075bbc7b7609c96d549d1,ec345da1881275bb8e7321c63d0ef52b,1081656,I00726,25249643207023498743,52283007844563125,113483007844563125,272000,0x05365e03a267f3692265d87d162e1c14fbe20a2e77c012f035de02f2fa786bf5,,5673
91e8babfe6acd62b900813e5cf217b5c,ccfab38f6bdc64c7e08ff83dd9cbaf42,1081468,I04490,19898492765861097224,69988589860036035,158188589860036035,392000,0x5c45a77d3ae74c683d196cb9f2a552ddb4c2b400ef052e6fcc2354195fcf0753,,7173
aea98b562684b70ca0f1b063fddad9a5,c1b16ed4c1402ce35a9344aeec1fbc95,1081920,I03484,14319226897366546139,449565154598650776,537765154598650776,392000,0xa294da495ecc017e541ded7c8b0bf6b8c4a664cc7f732348dc6bc1496574c2eb,,2351
7bea8b9c9bfb1e04e6226b09e27ffe6c,4cbec2032e8aee4de30aa35d8eb7b966,1081828,I03433,47383706915037061572,354359430279957302,442559430279957302,392000,0x2856722c87878d5c621f9768e8aeca7bc907b32dc5902ab5b2fd462dac00a972,,3109
d8b07e672a8dc68e313326b6313eb444,7df3e8874b0d4c8a4407383b5968b999,1082154,I00626,25951848114711536116,60470830773392894,121670830773392894,272000,0x73384d208eb82c0d5550b04f4b5656805ad029b47fc09cd6b05a9df5b24e4559,,5982
08d94954ff5974a5e035c8ac76dbc95d,60212dc6849a26439241c0b1b5f14f4a,1082008,I03536,11394286943597412155,255623285329591367,343823285329591367,392000,0x19e141641f043e8d013b502b74e4a1b8d2e5e40bf5b93d8470bbbbff5bc0b39b,,1353
07b90d09aeb0678ce72f2375c60f4279,bc35cf37dcb93da50d9322adb2862636,1082256,I00644,10288419244374299138,158634825092614415,219834825092614415,272000,0xcee6d9d9fb537152f05ccc081f3f8c7b30039478cb5e118492c778ddd06ef6a7,,3567
a950e5bb74211cc14922a80ee189c34b,79f79e51821a1e5c502dba9213f51355,1082270,I00644,9893875632335166337,141758176653105483,202958176653105483,272000,0xc560d2dd96091656600593a230858b010b77d6e0e11a8010eba1c7f1d4223382,,2814
9d2782f2d5fac065cdd70b0d8139a84a,536f0828a28614812feced366d77b5fa,1082238,I03730,72056780165863870441,667467160720187263,728667160720187263,272000,0x8decc33c82937e6a8ee7945e0acb1fd50c6a6b24a651e0c1b555d0aa9e8597eb,,4940
40d7629f6d1ecfa9f500fd5860cdfae2,ac4afa53e3f8a895a2088196c0c8d5b5,1082358,I00644,8222417837148803806,77995674924387124,139195674924387124,272000,0xe52414f64d06a3989fd622ba5894ebb302674d3b892e054113f1d8225acf7422,,6125
85aea643da9965ee8f70e2edd3b23769,9a3a51a2e4b0b39e4cd25c2ed20082b7,1082500,I00644,11527719659193513610,216257102684714937,277457102684714937,272000,0xe283929a079ffdf3cd359ff9806fb4f8911ef846621d4c1cb4b6fe54136383ae,,6057
3f80a6446e54feaa131eae70c98af35c,eea9be5160cff75eabc01306d9a97465,1082392,I00644,8222191934167977536,77991850658335822,139191850658335822,272000,0x6a584e5fd1c2287c786b9829000527642c6eaafa825ff9fb3adf7bc7fcc5d2ba,,6443
94c315da03932d68c6da75c3a9d0aab3,b9fc4244f170a79eaab4e7d756a5235f,1082432,I02152,8639829319079147523,76736557023040921,164936557023040921,392000,0x9cb78c11afdcb95ac79ed0c4bacea34cca1813beda77da2ec8bdc948c73d59e6,,2028
ab3dd1119980216146dbcf397f807c69,a92bea8535c9b58982ed7af088b739bf,1082544,I04123,38178825034865400609,141277348871147875,202477348871147875,272000,0xdaeb53c8fa4a46d4a152dde6fd6962718d78131d58a94c3b387876af58ff37bb,,3171
1dec273b1494b51543779259f203b513,66185a34eb5d094a80177bdd913c73c5,1083084,I03731,26238116573219732101,130766182668220302,218966182668220302,392000,0xcbac3a897b3f5e46be77193a821ca45bc49fb5dab0160f8f53db40dbf4e4b522,,3142
e1a3b4607afd79eb1286cddb37619f18,5df41b2e7ef64c4db4e609de6c54d522,1082470,I02152,8042279154409028477,54340535691580844,142540535691580844,392000,0xb075893ed112ea91efcb2b2293874729590bf57ac451f08de3d02674d74e8a18,,7972
11462df584d45b1b3ce602e315ff1bce,e7894e3f2659534ea838eaebc4fe0611,1082782,I02142,242007249200351306174,1303551101078372893,1391751101078372893,392000,0x1cb6daf4c7c694b644edcd5327e8506f9914eb4125fda9b8d22d6636799e3855,,6880
b4d34391989efae976412f21532ddff3,6082c2cc2bdfa2a4bc2979711568e3ba,1082598,I04212,55600151137686691032,460160694194274223,521360694194274223,272000,0x7c490dcaf5d5d57251e52896ebdb0002139723c98baf2e54eb5d629ce27a2887,,2902
09c51ca8cfd956e40afaaa87ce054b15,fe16bcbdfbec02b66d7b7f6ae6e5f913,1083918,I00872,7244233822503493856,71344470647154207,132544470647154207,272000,,Tx submission timeout reached,
9032fdefd8b421bbf47ee8941581c0c9,a778813b66d86bc33e412905c43fb60f,1084118,I00872,7217101836547297941,70335133545170941,131535133545170941,272000,,Tx submission timeout reached,
6c394ef7d07bbc7a93ad1f04ed18fbad,b1ddfd5dc8bef7b1470a8c5f4a76fd8d,1083632,I04334,247584272569111250696,8307097070823167706,8368297070823167706,272000,0x3deaa967e6e3ba1c4cb6fe75b00597ff4742245e8dfac74935286c8d8dfe4d33,,5045
853e7dba7bd0999ced26140cb559664c,57c20c3e3410cbf3cca39cd372ee5513,1083732,I03626,106611084797189899411,2227394853888697978,2315594853888697978,392000,0xd2f52fa70747ada4ab2e35ac3745b622b3c214fa6f83ddd762ae553cdba1ccde,,1210
495c6745bd4b090feea622f865bb1b6c,137c4d69cd4081501de0899299207ef9,1083818,I00466,214217416472239365428,1011828868736490702,1100028868736490702,392000,0x2ec3eb475fc8823942b3144148ffab661a93c0221ca9fe62280e924524a6f98c,,7686
8f16446d4ac153ee1c4809b211254f18,2895dbf5d05207397a8d63b02e0c0a50,1083858,I00872,6824783691893110348,56186775502089480,117386775502089480,272000,0x09a715a6505be46cfa5d9611aa3bb5389207a0faa052e9581a4faca53110e138,,6715
0a64287a6f7b093e51159c896c93ca5e,e4381d5ee1080b22dba19642dcb73d65,1083680,I03386,7175804549906326007,70113990657988200,158313990657988200,392000,0x4e507afca151565b3059ed2c3601074758c4a230d279a90d4274e43cd3c637a2,,9940
c9b265e4d3ee08e9a3de65addc3a6f48,cb7480ae9553d77c1c61d7a69ca9bd52,1083892,I01691,32934395954247005777,775476844376423352,863676844376423352,392000,0x1b94746bcfbf37e8ca0822c990638062ca41992ab69cca9991c23f453c1a418a,,6032
7263bb778b79b049731c610e255aaa75,921e362db859102811bf66626566c340,1083964,I00626,62011141280896109136,656299967338704813,717499967338704813,272000,0x093400705c340e954d1065382d7955380403a8455f6b04fb8dc76cde626f30bd,,9053
b50b25d4a8d54d2c2aa66a0c72c3dc68,34e9c5373b48a135006a6272947e55bb,1084004,I03730,32771616799654215813,91367977769880245,152567977769880245,272000,0xcdd8f70549e84f04ad6c65dbbe54f298653357fae555d5fef6dd85265ae90079,,3712
41d540e527a887803023d9e6a80d30e8,600315d4bbab281c6f6a6fae93bcfb08,1083980,I04183,19326329468722551908,74610755816821892,162810755816821892,392000,0x47520776adc7ec04c086069918ec1a66d5d6cb906d5c12e91fef1269297018ad,,3598
1a87795b25b35c732a5629379e6f26cb,f81f486b571c8878cba1f6953d4b1ff9,1084696,I00872,7052568480012959903,64299955470906006,125499955470906006,272000,,Tx submission timeout reached,
e5f5bfbd395c6118b10f72adda2cfdd4,38792d8fe4caf34c0d722b669b0b47a5,1084728,I00872,7052571197813097611,64300003833967429,125500003833967429,272000,,Tx submission timeout reached,
bd64d84446ad8ebe8a510420c1d0f75f,f48d1c19de3d583255ec5c856d58ba24,1084998,I04123,31015065163501520605,73152152016327622,134352152016327622,272000,,Tx submission timeout reached,
5ba17725ac0abb90f05c0e953298dd6a,b1c24c1f77fe04675e05acca33f7f780,1085098,I02142,110816308561336144068,203830902805230794,292030902805230794,392000,,Tx submission timeout reached,
86b4c9cb8eb8ff45862cc11460ca7114,71974c01c293f7c1bcb162604a3240bc,1085130,I04079,4198110304846332748,53720848657574275,141920848657574275,392000,,Tx submission timeout reached,
e295d7a251ebde926b5dc1b1b542146b,6b6544fefa0625f50e308177cecb57ed,1085356,I03730,34140083412620245603,102072803765938484,163272803765938484,272000,,Tx submission timeout reached,
d64bebe6f4a783dea993dfb0f9942796,4293fb5f71bbff2add40b47efaf81b5d,1084642,I00726,27108858978190928633,73957931193410751,135157931193410751,272000,0x60ec5db1d1397dde272e25edae4b75b159949a5d6b42b52048f8a79d8fa8b232,,8016
d021a3b93d669ddb230c8cd8dc273c70,95f4d09486b9215b8bdeaa1dda86ce57,1084706,I04123,40129590169834798965,164358604766207420,225558604766207420,272000,0x5c95e52295338147b5cd5524362c7d7fcd6ea3f8c625b0dfde6b765b5dcf8797,,3141
ac9007ca6c5b9902abe13bdefe091a4a,ac463dc044171e4b9e775f0a4aff1b5f,1084712,I04196,26664351590517222785,123154374647881314,211354374647881314,392000,0x777925e924f2bec8f00c61963c3238b457e6a20f9a10205254e873cf0dd64c6d,,3299
aa33673ab7246e952e5e68ea21835767,fe6ee819a9434b2d1b4ec8515b932e28,1084674,I00726,37207502102000481964,191770490306124747,252970490306124747,272000,0xb01b01ad1f3b014eeec6eba1f053ebb097c8d8b5f70e2202059446ffd4a34b24,,8490
5248dc4bac184164a812d6402e81c232,4444dcfd24770efc9609cd1c82e60be7,1084662,I04123,32179281039232859155,85152585193957080,146352585193957080,272000,0x1d22bb30ab0417003b32462e5386310b47951d85cd97eaa927063a537780219e,,3135
2de7051b8ea1f13c7e14306ffaee3c5d,54baf99bda04136da2dcfabf2d68ab62,1086108,I04183,20658401006243040044,94860248506997537,183060248506997537,392000,,Tx submission timeout reached,
786adca454aafed629f82d6eeb74c8a1,b1c732cf2d8f199313b4085bf5b2b681,1086450,I03731,194873714887732223482,11316827503421777431,11405027503421777431,392000,,Tx submission timeout reached,
6d65fd0160b6e9ad390932be0795b801,cf1b719a91cc7fb960d5be5561f3ed81,1084914,I00298,8632730932725941378,77001850317077419,165201850317077419,392000,0x64b25f818b520e7df83b9fa9e5cfe9af5d355571f49dead17a1e26068c471f25,,2921
63d580f2cbe447eb5e96ad0aa5f83081,666d96e956c240d9e32eaaaa5a70f25d,1085062,I00726,36453945284214458300,178191189379658266,239391189379658266,272000,0x63a60171c42b5ab393766593cd2260c5bb60ffacefd7c206f57e1f3ce0e4af63,,1740
fe9f8fc6cb230166fc72ece62cb92de7,2d20f50267588050efb3e5b4b9356cbf,1087822,I03885,44068209320806443197,272776368156391837,333976368156391837,272000,,Tx submission timeout reached,
a85b7aa0bf13f9bd77a64550f9ad9e90,93bf8734b83a4db8667a3da3b457de3e,1087892,I00466,106979998331730224431,188695762041574486,276895762041574486,392000,,Tx submission timeout reached,
c209b56656deee527ec51ab6b4308853,eaef94a4109ad59c2c5e442300d41818,1087942,I01220,23645000470511645696,80274249833802057,168474249833802057,392000,,Tx submission timeout reached,
e0eddd12e167b2c7c9bf56f6295ce5ad,421435c9228f1802a158d44b7a8ff810,1085546,I03730,28975570427702244617,57163026769695075,118363026769695075,272000,0x38b5701ceb6634ec02b297cfbc2aa7632421b92531d541bdd4c24cdf51bfb41a,,2383
06cacb69991c777f08c6ec8c6bb160ac,956d4583380d7423dc9c00e609475603,1085616,I03730,49213834036815775340,283090607936809405,344290607936809405,272000,0x094cb85ea10215407d888723c70e735cd90267df5adcea1b9c376fb90593ff81,,1048
5ceeb720d6300c83e1b0a3bf94278fed,6b5ff94ca16881bd2ce8bf1f2c9d5ef5,1088688,I03731,41610753546423284337,347517584613674162,435717584613674162,392000,,Tx submission timeout reached,
58cc63ef6487281a3e7eb77fc3e8d16a,d49eb9e18294ffff8f0552cb5a573336,1089098,I03484,22917932595741538310,1565070540782430708,1653270540782430708,392000,,Tx submission timeout reached,
c3133b549c12aee5fb22b70b357dc9c6,525afc73af333a5b637f41bc7911ec07,1085628,I00626,26880829705844163496,71647618459746121,132847618459746121,272000,0x0ec5e8c5468368763d2344a1148d00eb6971edcf53b5166773988ad0a3b4dfbe,,1386
9d6c0e5c561fae6c1467e5df600c4053,9eddaae90286bd81b50e22bd95f595eb,1085710,I00004,7479598507470844853,95244845161320432,183444845161320432,392000,0x6307c43cb4543b21466a9f69be78f2cf26067a5b9ccfba8d4510f4cef9d8c934,,2618
de9408d536a3f21a2025c0f4b3a86191,2585ff2b4ac2e0eede1a4f8e4931ef87,1085734,I00623,13876619435776406205,318991307140170376,407191307140170376,392000,0x694e6f0490546f7809797d5af4a24ee168f82aa693e9ea0f14a30838175b9456,,5048
64b4653c4c9158e36f90f42107e1c716,fc44b9b5b72e7bd8a44d99992c3255e8,1086500,I03731,223571629887430099898,13942751907438497018,14030951907438497018,392000,0xd02eae5c10ed1f13a08e4a359c33171d194bb528ffb7d72f57435d98c20e4f56,,1514
fd7b4c815ba162931d7ad54482859dc7,a3cab9df0cd2370ad860940739deec02,1086316,I03457,8611539211824655679,806494608116308213,894694608116308213,392000,0xf477ea7ad94fc80ec90f245069ebad9171595e4c598d505b1f97120239332b41,,3865
a6c2d84b80bd5f542d1a798f097245f9,0299e950bf8115611c1441578eb11453,1086818,I04183,21703558888517372513,91948235344356593,180148235344356593,392000,0x8f7b08cc309d2b6151bfe88d9ee8ee12a649288f87309fe98f378fccb2048cdd,,3039
4079ef835fd42e75c5269413eb63cfbd,b7e1144f9afb291972a72e02032375f9,1086358,I03626,26051673207716258573,52260215151300173,140460215151300173,392000,0x9ece4b04c0f364ade576a93c6087ec7ab1511b198497f3292e2d5f66ef8597fe,,2996
77ed735678d5952e227b5d41d352d06b,839e615915d362044e15fd14a9da708b,1087170,I03730,28759154713989150604,56168517389270533,117368517389270533,272000,0x26281988eb8a45f18b15c14305fe91c663f2b1c58d1ea988f2f997d4fcd2cb1a,,5021
729db6ee7bcfb16e904f481d99c826b2,d0bdd9392c13b96e2ec674e00204821a,1085882,I04078,6813347218493428618,153002644531273526,241202644531273526,392000,0xc6eeac3a3e0f2c367566e968d92df2903118e28040dd6dacb1041e3998c26bc0,,3824
edf9af4036b67d08d4f36797a56f9618,dad80967649ff7821b5dd38d2997ff53,1087574,I04077,4227480717247813783,73194246085014460,161394246085014460,392000,0x77ca54b42176ed15494bc025bc6a6a23c5e0684788aae1669758915db44e2ae9,,3255
934eb76706dc2302517dc3c899e221b6,b5365d1e3b95f5086793b767c73f08e0,1089422,I02045,8109064786222084556,137772753374646119,225972753374646119,392000,,Tx submission timeout reached,
43cdf38830d1b5eb001934103cf72f09,f855a0e6dc08a15ad927521d2e51c85c,1089448,I03539,4889994604178411536,59066092779427842,147266092779427842,392000,,Tx submission timeout reached,
01b42384f836e1ad2a19da4a97b15a6d,ced3865dff78578a1023081c9ddb6890,1086314,I03515,39167424643665753950,5825038117432893567,5913238117432893567,392000,0x02c0fa41f6ec346796f12fc20c7f550612eb4273ea01c5f4d0289318ca21cbfe,,6066
9ead3ce16a825e8470055bf3b63ee773,d10171e47d538b8a820d2abe9fc02eaf,1086804,I02135,4479335402944759723,51999730618802116,140199730618802116,392000,0x7ba6be999212b32e8d27a943db85d0555fe2c261cedbac6a96f79f03a98f8588,,2934
0347333e0c8a4a1eced9b95c2d850e8a,f5f839fc4cf215ba5fc8821d618c434d,1086524,I03731,208123189217073272681,11331938574146373465,11420138574146373465,392000,0xa6fc6e87b1788a82681b55b9a9d19965959121e749d4729e10e4d88ee46b73a8,,1818
8cbeb6123c15cd5eb588fb0899c05ebc,718661b8c2179cdb104f4a3b77678735,1087142,I03885,28507952610609899988,76943843113032232,138143843113032232,272000,0x30faf410eae8f1c284d9e57c8584dd6f05f82884acbb42907fe1decc197da0f9,,9124
270d98280e69d03ca4006c5dce0728df,01ddeb524868d4137bac4590f9c28ae3,1089484,I03540,4989333523146330426,69855568027913939,158055568027913939,392000,,Tx submission timeout reached,
ade338e3bbeafa32bf06a957ba74d2c1,b42b3cff5328b3a51d78ae34466d9cf7,1089492,I03539,5520740826608786270,99507680365419243,187707680365419243,392000,,Tx submission timeout reached,
2805c4ce195673d7eec1a9223816cb79,cf3d013c49abef078521447ab4eb9bbb,1089510,I03539,4829021854779058333,55189873697758210,143389873697758210,392000,,Tx submission timeout reached,
40bbb6d5dad2e1f015972d66bc260182,5a889b514271ffb65d207279f7dac23d,1089552,I03539,5546504016606231495,100964790312562578,189164790312562578,392000,,Tx submission timeout reached,
491b4fea00234cabc55b50ec5666b613,8aaac6bd1644974f8f08da2f03d111c0,1089744,I04123,32382856044746549490,98273160335575492,159473160335575492,272000,,Tx submission timeout reached,
5bdc4891103c7be207261c6c7181b560,f9affc5162bb2c63af49c1fc17008465,1086866,I02149,33659559949701907086,84166407869602564,172366407869602564,392000,0x58748b0c220f04d0ca1f3f27701e16ca30e036dbd89184c6814a830324dcbbb5,,1480
fd02193583f617dcc723933c067fdf72,62da2dd653a2f1abcdee513d1c6bff78,1086484,I00723,8321930632861813182,66513727641214983,154713727641214983,392000,0xed737955bbca7e5061f985b6e705bf71fc9906abfa93affe960b3238d742daf0,,1480
212f00314cd92d2207a333c449951acd,2a12110ab1faed8f247aec9698f07bac,1087132,I01980,14060599812412530355,654892165201199435,716092165201199435,272000,0x75b89e6c12d9bb8b707f5ccde7a0ad6d84c1e09cbc152b1c2dc93a4520b3551b,,2955
4e6a22a1fe3c085aaa1791ea244590eb,f3d4199c078a5a4431f6771984036f2f,1087510,I03515,10715407107586690983,317776301692878522,405976301692878522,392000,0x1629c6c804ee83b591a23462d5220f7b27870a0ef3ac2c95a8c0048af5c02276,,6796
c0eaf3bcc84e48b5b8b8828d4b662d85,5ce9fe6dcb68f60fc1a92396ab27cb86,1087762,I00466,257369129415080852347,1515928691102006967,1604128691102006967,392000,0xb4c1f9bfc0b702727c27a92bc22d4f8e7255d1a883f7cf300a95c66f0f2c516b,,9047
2fe0a618a731e80699bfeea75babdd72,ea8acb2a7db80490012c517723981687,1087544,I04502,16633386419010861647,53288784888486766,141488784888486766,392000,0xecda7367cc38a7fbc31ccaa36f3c8f52d23d02db19f862ecec99928e5280422a,,3021
0bdf2bb11cbc28ae140e74b5f48a6542,6e72b93b3d8b7737b17a32d22a18c7f9,1087062,I03885,34809049344068357378,143976983220453429,205176983220453429,272000,0xc86786f15e47b7e19d41087c58589c50214061b38704f81e0483e96b185958d1,,5635
967b4b7932f8504e6297dc2d456cf077,5b7b83fc3d9f85ac06447a4a20aa26d8,1087068,I00626,35835858494119093092,175271089553000303,236471089553000303,272000,0x5349d02ad3d7f214bfca45b3e17a827a077e93827211a35fe29ae44d5b8959bf,,4850
a82335827d30160d1c713740ba8ca5e2,069998b16ff732ce5031bfc0899cefe8,1086536,I04245,9467195338219467544,98709486683210950,186909486683210950,392000,0x3fe3f0d7095a9d9a9eb97df6db62d90f8b9dab4520deffee202b87689b2605a7,,1437
7a1b6536a30c1e4cdf836f45b75616a5,0e0727c1a1a293e4cfcb6e867899bed8,1087802,I03783,31974194669693013760,78322737740670534,139522737740670534,272000,0x1ad56c4921353629f4cad94cb7b7576574ca3e4345595175245c1a9cbee9f469,,5949
451d7d7f63bb71963299b662f3e06c51,01cf3c6d39398fb58d2cfde5aad16601,1087864,I03536,16809625904247905737,813363916390697569,901563916390697569,392000,0x72f3a477a8fe49b8b779dffb793b787ec54ff9a8a8b27de5109dc6e890d757ae,,1359
0d09005312fabf948b17ac9eeb5d3eb9,8a409f637d58c24f0dc4099796798f1e,1087984,I03697,73755601718006172115,438820776083941433,500020776083941433,272000,0x00badc2bd3d13b9732319f0a9de6a0dd099abf8f8b50f9bf35e669a99fdac6ce,,2924
a29ff2c0c0eb61a375d3a4621c5fe8fb,5c63061e5177035bd47a968f6f581aa1,1087914,I03783,37371813014931363402,189738012781704892,250938012781704892,272000,0xdce2e42515a3c6f7aa6ae3ddfc57611aee0632afbf41b07603b757e7ff745949,,3579
0478b61434035326420ba5ab81989292,5b6b7b30710fe54f504d621d64e2d503,1087880,I04077,6565731041775080842,323539230266589481,411739230266589481,392000,0x37589a1c7372c6c4ab4a36be35037048087043444115a77cb4f1909352da0f5a,,2914
4f5b244f1279f8dc8298cdbed1d04e0c,a3ca022e889c62328df78a66a8a40ccf,1093588,I03730,68940148536871190886,630555809578043553,691755809578043553,272000,,Tx submission timeout reached,
3eb6d12a8a3ba21c489ec83060635000,4e9a66e82e5bcbf2f0c1dec700d602be,1088008,I01209,10995920863726315920,85739629613697003,146939629613697003,272000,0xb2955a93347b8d8bd64cf79a2d8f978479c5bf8ae92f29de91bf83a8023445d6,,2972
d56373090c9359e87ea680eb9c224d05,053f1f0e1ccffb6edccce01308fd4b39,1087978,I00466,237048194026154319572,1283822219238406563,1372022219238406563,392000,0x06840a41a861e63ccfd827954892b98f9d1694ba2c679f196dcd7c3f57070148,,1411
1ba513d58830e5cc3a783298a703242c,cbd1e14ec68a68218d74e1b5b5bb8e37,1088024,I01220,25530140004460094819,111015433000741254,199215433000741254,392000,0x18f8e8aa6da0ef44b04195034640b06175c0462e2bc6e493adfc0e20f652d6ea,,9089
807e5b26ae62d92c1cb4b60167aa6d3d,6e5b21fa0a0b82c04b49131061ebef61,1088056,I03783,30062256667217805877,101765900774546933,162965900774546933,272000,0x419349f6f7d1ac62d8c025cb463ea8b0f7ba2cf25d9471f442d7b6672ecd7609,,2979
474c0700a2d4f135f4cd47991dd243ae,b4464eb20fe6a3980a6d7931b99bbaeb,1087830,I03540,8595973605187140336,348000751168680632,436200751168680632,392000,0x09d7cf4e0a8599b40d17e1070c1dfa16cb432da3b5308fc6cc745aa5b3e31d08,,6017
e21dd757701c6ffe4a3c045c163c5fd5,7693509f3a00db5d0ffeca2d438fcbcd,1088112,I00636,65350315543259679628,586993450756370037,675193450756370037,392000,0x914729ebf014ece897889555e43a207a0a341aa2436ed26c49fdce75fe4a298d,,9391
e3bedc201ebb2abdf8cd6219984e9e4e,4cf0d0364b332ee39613450bc6840c9f,1087870,I03447,5148062755721360112,208464382235775220,296664382235775220,392000,0x7962e6b2a277fb096fcf79df1e60dd00d118e079c77f2b619d89106934f0a7a2,,3062
ed864cbf29f4490a3a4231888402cce3,cdedb35c06e9fdcc2c927f081ed5b1bc,1087974,I04197,18807498724195689001,64379825914105188,152579825914105188,392000,0x98429bf928206ac5cd360f1380bcdc1c7a45a599416be3316db85d516c8d8ba1,,3050
3a6958685a712985ab6ad1f28febea60,091947b96d02d606affaab32262240e4,1088092,I04196,30696337011040258834,154591912806821800,242791912806821800,392000,0x6e3ea35988a08d5c5bca4c1d9aab8c90b0f411eccf89139ba06447feee8b33b7,,2798
91703fed14114038c0f797452172d918,fe12a27990a9935571f039e1394b559b,1094114,I03626,38131543257046314320,228871133118062375,317071133118062375,392000,,Tx submission timeout reached,
37b73854910d0cdbf7af1848f06197d7,234b3179038a0e26dac90ce3f574a210,1088192,I03536,12327691673081346736,399331115957099875,487531115957099875,392000,0x8b3e568a4fd4f96719ca8771cbf351dbb3c42d587349a6b2252e72bb7a307c26,,2911
b2771ef014e0a5b014be7ee627d4daa0,4b6c51ffa55862d6359a0cff66c2b182,1088074,I01409,23443156796294761197,146113176785931038,234313176785931038,392000,0xab01cf47a339ac358ca7b8d7e49eb009e39cc80323ce336f4bc5c6dcfa0d3cf8,,1606
4fb0a338f1847048503852434b81eadd,0afd989e00f9a489f0042d9a2f51ac7d,1088198,I03369,4040717184714704957,77857638625298754,166057638625298754,392000,0x6d1862c22aa71f12dfa5e4348cabf5022046f15107a83d166ff52dc3d7b63d06,,2666
752335731f21a086bd98f33fbe4b3b72,bf81bd8fb90f2a920a4c783e4d402a32,1088100,I03885,56663605648870276077,502961319754275754,564161319754275754,272000,0x6e2a2c568791307f088b6dc706bb7d42fa4891631a6d18f21047865eb94ff558,,5968
08ff620fae068281e5b0ff5a82845f5c,9bdab8ea540a83a7d3f1731624140ea0,1087958,I03885,51170565043328851272,394108711685631163,455308711685631163,272000,0xfb87b02ba0ccaadd5c75db280adebc402925f2bdec0de95fe27f418416c1d337,,4367
365bef95755795894886445d4d3ec9b0,d3734a8e47cba44724990dcd66490c9f,1088034,I00466,160851124415037097167,544885344683779908,633085344683779908,392000,0x23aa2e695f0777ad9d945ab3540820598489b9c4fcd4bdcc693ee646e26030f8,,4866
9d24339f9e1878ac2366aa32f961c026,5c5a5808d7b1329a2eb9e95003694019,1088220,I03517,11719992774178574583,642088979010523823,730288979010523823,392000,0x982d9609a453bfe45bde1f01cd688dc5ae0682f851a862dc673e1d4e89ba321e,,5053
dc3d51e9d1551bac0aa40407565bae62,4000ad750f0f12abfe46da3c47ab45d1,1088226,I02564,4127575137499637072,54892829634279030,143092829634279030,392000,0x0bbe80db73a5ee4c241c49ebc3288fab90b3acfaf4f95215627e277ae40d4abe,,8617
783758a32ef535e78986edd561937369,f4276b4b31a3d1fa5912d0280a0cf88d,1095124,I04196,60434829915444166180,719842140656674512,808042140656674512,392000,,Tx submission timeout reached,
b80965771aabb8cc2ffdaa4e5fcaf9af,d96a0ae9a08b39918bcfe8c203825943,1095602,I04242,54210048273766562258,186287764956807530,247487764956807530,272000,,Tx submission timeout reached,
e487ffec658393b39554d220d72369ca,9de39b85304aee94452dade55f33eec5,1096608,I04614,890074462638571766,68423058813000496,156623058813000496,392000,,Tx submission timeout reached,
f7e29ab09e99b7ccb5f9a960fc65c20c,1297c686ec2fe04675ceeeb86ca7b53c,1096640,I04614,890077016124272406,68423957469879531,156623957469879531,392000,,Tx submission timeout reached,
5aa0740f0b8249507d821d21e08dbd7e,e340b8ba6a245fcb98c6dfca864ed191,1096652,I04614,890077024984809347,68423959029039397,156623959029039397,392000,,Tx submission timeout reached,
6ce28de7286a05497343d21fc3e4c8da,2a54964c031bb2faf755238016f16eea,1088266,I04515,20921353784912638101,366072338876371263,454272338876371263,392000,0xa0fa48d45a1acacfb16ca3929c8aea3544c5ef804df4cf315102513256555357,,1682
4c032a316693da04b92306248229aaea,c7283e9b141a7bde765de8f61d7e896a,1088234,I03507,5107271689183762919,75596672439345442,163796672439345442,392000,0x784f16b4eb70a295ccdb5e208fc6b192e1d9a1973c783f8a21825f9f5b9e232c,,6140
4abcca9972a14136467ac40d084caee0,5490aae72b24837979d1918ef4a81e05,1088540,I03730,42398921781149911128,211962961455261392,273162961455261392,272000,0xf80e8498c725d695999f2851973fd3c708d5ed4a8cda82279e1651cde18c97c9,,2971
4c2fb816710ca8dc230f7319ec38faf0,f148a1b0a678abe07e12dd2c6f90177e,1088304,I03508,4781730239700995465,51148875830188394,139348875830188394,392000,0x6db8624533da9b6c04cdaa3b11d37a887ec7a5ace67a1ae4571767ae9d12aaa5,,9207
e3a264cb56d2cb9decdffa94098272e7,f0edc7c9bf5c13c152be165318afa97c,1088618,I03730,37867447832169676966,157378296566210512,218578296566210512,272000,0x1443462ddf9061be7bb73f485ddb70809f7a68c7c5a276f614c391e6501d284f,,3054
8ac2e6bd83e474f856ca2f46c9404eb2,9b633557b1ccfc201700bd2494700c70,1088728,I03386,13071481375777130118,576407816873633519,664607816873633519,392000,0x34324716e30b5db621936d183524019bb69eeb29f63aa8e966230ea8d7358ba5,,3002
4392eeba71cd202719a694b7c6971e04,2abecac5975289b972a6f492555b7feb,1088756,I03783,38910804359213494899,192209277335669175,253409277335669175,272000,0xc0a8843c714704e9614595446e57bd240a653855d3e3066ab78586769abf2dcd,,1513
2fe246eb90c9388a291da41cc75c6c5d,0e41e5754c08b7011a5b292f54a5a943,1088774,I03783,29510289358367375926,84970331942349550,146170331942349550,272000,0x5081bf22be40dc8b8ebd8a4b1785164ae7900571fbd3ce1b2a90a4f896566c2b,,1622
352500b17adbf3270ead08ca96ed63bd,d1091d2b29241a9cd4c2c510ddd0447c,1089016,I03731,28483385837672247499,114303734539049197,202503734539049197,392000,0xc2e2ca0eb65370ab025c4e1e23cd7e57a265a5bc5b3bf6a102cfb5cbb38da4d8,,2807
6a2c1b3462ae5323e44c9f9ed3ba0273,0c90350894daeb9e1a836bdb330d18d2,1088840,I03373,3464913274127542546,98758480906809987,186958480906809987,392000,0xbbcb61a2f212658558887d2dce348fc99be8aef639d3145747c0ea4d22c6be57,,2205
89110d027bbac5565375f0731c768cff,5af6df31e48093d0f935044324fe3e9c,1088868,I03941,54347279732343643863,289644240352233576,377844240352233576,392000,0xa7a9b7266b1d64d9f82ddd9369c6a46b8438460ab0b53ac0679d43c609e802ac,,4333
993da05ce4153af1635974ea2bee3b88,582eccbc269aea2f322bac8c8ce6bdf6,1096794,I04614,896369384507925867,70646281382032471,158846281382032471,392000,,Tx submission timeout reached,
44fa4886b202d5d5969b99da76edef15,a90dbc7d3c3baee4770b097ccbe2c7a2,1096866,I04614,896369405522287391,70646285106003014,158846285106003014,392000,,Tx submission timeout reached,
3f955fba781f479327a230f53f575c6c,8b22b342f37c7cd4bbfb9b4e6f8d3107,1096912,I04616,912763494291823781,76739659940004791,164939659940004791,392000,,Tx submission timeout reached,
d98e320b0ae5e2dd372ce355699f099d,94df15a75df1556ee015dddf7ff50e8c,1097018,I04614,893192046585132914,69522157278978505,157722157278978505,392000,,Tx submission timeout reached,
a73e14a23b680a61a9eaf34ca942f0de,78891ada1c54dc4621405c1a78364be6,1097082,I04614,893504543648652250,69632539771857311,157832539771857311,392000,,Tx submission timeout reached,
651e21aeaabc9873e1483dba04c5cd8a,a776c05d3d4efb3020d275f4b0992e1a,1097110,I04614,893128892563414325,69499854225916396,157699854225916396,392000,,Tx submission timeout reached,
d84fd3f42b2489dd78129c3c8f7a4933,04bf415ba9fcf037051ea630e50f5f26,1097164,I04614,897978622460023405,71217138468699288,159417138468699288,392000,,Tx submission timeout reached,
26630d9ef9e72caa550862b324463dc6,a3b2646a520d8c83e8d60f682e65f12e,1097184,I04614,897550309118896971,71065098543843360,159265098543843360,392000,,Tx submission timeout reached,
aefe997afa27658cf9fa4dfdbcf1405b,cd5900735cf53664cd290e36a5393376,1097338,I04614,897122722405562167,70913388718852248,159113388718852248,392000,,Tx submission timeout reached,
e2c3a9ea046a77c94c43b973d4ec431f,c1fe8b415629c0a90b3ba6a8f30277a7,1097388,I04614,896191716382018305,70583314099168949,158783314099168949,392000,,Tx submission timeout reached,
70b7dcf84ae4788d80e555302b7576db,3ad3449f4a2cf21474790815a8ddffaf,1097416,I03730,32787523792217378243,95503833571269892,156703833571269892,272000,,Tx submission timeout reached,
bd38a1c080cda2426e3aa9bbbd4293b1,21d6b9ce602a2264c36f6268806be4d3,1097476,I04614,896082491554048215,70544612458188016,158744612458188016,392000,,Tx submission timeout reached,
3dd1cf2103bf50f9ed08fddc7acafa5a,7231c2908988e964f66998d523150313,1097506,I04614,896784722032578824,70793516132324173,158993516132324173,392000,,Tx submission timeout reached,
5a77ef97320abefb69d85be07b01c7a1,320f3b50de3e59a12cb6e5c48ffcaa68,1097620,I03433,54714530423953001726,531357174695533006,619557174695533006,392000,,Tx submission timeout reached,
61d89563b660f5c9343b608b30788484,c999bdc35fc78ca3ccc676775834da51,1097670,I04614,1417081803633309026,440822928153918753,529022928153918753,392000,,Tx submission timeout reached,
231561b7e1ef4400a6c9f1a2ec106a79,50890d7e8f95ed4533d64cf93708d626,1097806,I04624,540640071787769885,163332345281587927,251532345281587927,392000,,Tx submission timeout reached,
6086456fa7feb03ec1cd4f5632332ef0,877bb473c5cfa647849b22f779d088ba,1097822,I04614,1419764112706803353,442827539276860432,531027539276860432,392000,,Tx submission timeout reached,
98d03a57bc6d7d99470aa0ad13d1974a,8f6b24560a0fde49b2abea9ed2adee87,1097962,I04614,1419916529807458938,442941558531635802,531141558531635802,392000,,Tx submission timeout reached,
fe66e6fef721fa64e40849a406d9cb6a,4c09d58c4a0851dcf1a3f95f7634e03a,1098014,I04614,1420306927944845853,443233667479663394,531433667479663394,392000,,Tx submission timeout reached,
c2ecc574684131887934af3a557522b9,7582572d9e4650be2d5fbcce63f930b4,1098022,I04614,1420305181229314219,443232360322107134,531432360322107134,392000,,Tx submission timeout reached,
8376b5498c694df3a651bb5b22206340,7c276872c0d469fd9656b676f5f5d712,1098088,I04616,1417839071561076015,442141103531136011,530341103531136011,392000,,Tx submission timeout reached,
21edfed924dabbc5439f79749d6dde1d,5543523f16c702e844c903c730896165,1098102,I04614,1420480024129778761,443363209524701401,531563209524701401,392000,,Tx submission timeout reached,
0893c1fcb41d1d8ef165218c71b61cfe,45fba1b56431f6de7aab4e511474de67,1098134,I04614,1420331697157191801,443252203089381761,531452203089381761,392000,,Tx submission timeout reached,
f61459dea054d0875b8f745d76d120d0,6b5a700c77c37dd75bd3bf0f1ce609dd,1098142,I04614,1420331697419746917,443252203187623246,531452203187623246,392000,,Tx submission timeout reached,
ebfc467b367b977a462c23a8f8d37791,807fee847fbd9a720296ec6b883c02c7,1098216,I04614,1420331714984683355,443252209759978271,531452209759978271,392000,,Tx submission timeout reached,
1df8422040f038d655712c8c7fc3f325,eb73ad656b50c7c588a57069c85ccfd7,1098224,I04614,1420330259607891938,443251120627850563,531451120627850563,392000,,Tx submission timeout reached,
9d1aad3bf8290d32958c74bcc35a0535,5f52f92182dd91304b587041f42cc700,1098230,I04614,1420334767873990450,443254494395195841,531454494395195841,392000,,Tx submission timeout reached,
a98c5eb93c4a2da7b999327f9475dccb,6b3f1d17ae93c78a78a234838a682ae3,1098238,I04614,1420334767893002858,443254494402309819,531454494402309819,392000,,Tx submission timeout reached,
8351f22d362017af5bb2698558b78ebf,b892bd3572887fae5f3c902b85ff56ae,1098242,I04614,1420447474448015739,443338841993341557,531538841993341557,392000,,Tx submission timeout reached,
84b32d15aa9588b6b71ed2627f5117b5,7c62d5b2e04daf86f203c5dc0006d44f,1098272,I04614,1420447474238225334,443338841914836895,531538841914836895,392000,,Tx submission timeout reached,
d6ec03f5840cb6840df686091637af12,3dd9b866672405c45fb4610fae4fd563,1098432,I04614,1421715977346880077,444288627919331007,532488627919331007,392000,,Tx submission timeout reached,
fa234478fa5ebc7c97ada416c330734f,24fcd74f50400da6d91a021306c1bf1f,1098442,I04614,1419482536704653751,442616915534763467,530816915534763467,392000,,Tx submission timeout reached,
9689af9507b71df00d1018c73ff03e7c,71c3389b534da11d787caa7513a52707,1098458,I04614,1419477339534170846,442613028546773238,530813028546773238,392000,,Tx submission timeout reached,
9506f1ce0813bb39f722c2e796de7470,8072720aa792f080ac142b5c66e17357,1098530,I04616,1419454296331103081,443350374163305415,531550374163305415,392000,,Tx submission timeout reached,
bd53bdcb43a7abe2964e524f9fd0e470,cd845153422a6fbd68989e55914aad67,1098574,I04196,49717296315691674641,546411243649665155,634611243649665155,392000,,Tx submission timeout reached,
0c08cb49118be7ea7e3de491b4f79ed6,8700de7fef8ddcdb672f5ed6da439550,1098644,I04614,1420925791889120027,443696878386284067,531896878386284067,392000,,Tx submission timeout reached,
7b3c64d7cfc6eaadd11e7a518595fd16,bcfef095de4274093191bd3bf6fad785,1098652,I04614,1420829237730288602,443624594218176823,531824594218176823,392000,,Tx submission timeout reached,
3ea6a91471cc60f0bb00ecac9d2c1256,a578b6039e7116f3d5bc8c1bd2cd595b,1098740,I04614,1221548473134275423,304902494019323829,393102494019323829,392000,,Tx submission timeout reached,
05a6ce18f280858078370a198a267d1f,57679120e3fce855b6e0927ee5205247,1098752,I04614,1222675125192058664,305627958116349930,393827958116349930,392000,,Tx submission timeout reached,
26558f698a22a3245d0175685a91dc2f,8faeef6b1a6a3836994dcde50daa1d75,1098806,I04614,1224827921891388649,307016028346703990,395216028346703990,392000,,Tx submission timeout reached,
30e3c2db6e303dd95fed75a0ac6ce049,a4e635f51241ebca07f33356d6bbd6a3,1098830,I04614,1225569227683334171,307494569238811752,395694569238811752,392000,,Tx submission timeout reached,
369f61b84732690d9dc1553f9fb99f64,ae8375a8b3d108357d4d91a098e14caa,1098836,I04614,1225533603046879627,307471565567219744,395671565567219744,392000,,Tx submission timeout reached,
acff6f308c986ed6057f7efd42400c4f,9aa89878f856d21fb46cc2f05c3eed70,1098864,I04614,1225753654061897504,307613668410526467,395813668410526467,392000,,Tx submission timeout reached,
406f0bc9dc99c8771407f50d6cabd1fd,74a7f160af3b3b843265084b3f465519,1098888,I04624,549475472278320594,171620857686098788,259820857686098788,392000,,Tx submission timeout reached,
14ece049beddc49adcce15690b7f0b25,26c68b6a917d1f37fd13550fdb2ac9dd,1098902,I03433,63674451094433739330,730488787572418310,818688787572418310,392000,,Tx submission timeout reached,
18498732e398b9160677e61176819510,c604f620e17760d4c80e0a074d3a8165,1099010,I04614,1231110079379308347,311080568288359156,399280568288359156,392000,,Tx submission timeout reached,
c096845bf180efdaef1a311ca0324108,131e107c092e34a1f9ef896951fab91a,1099038,I04614,1231012623101839146,311017355534894261,399217355534894261,392000,,Tx submission timeout reached,
b34f5a6d2d9fb9f21362286f0a97eb99,6614065cb66708acdd4e714a833939c9,1099046,I04614,1231579038176833862,311384817508129072,399584817508129072,392000,,Tx submission timeout reached,
debcf3afeb6c7310da896ce5973c2c5c,360edd9d8252211c242665d4431b1e83,1099140,I04614,1231640357539464766,311424607934017374,399624607934017374,392000,,Tx submission timeout reached,
781158d2787e085098fb9b1a10b61cf3,98a226950446dd14602299b4e341b5af,1099204,I04614,1231435999652339422,311292004590052119,399492004590052119,392000,,Tx submission timeout reached,
28997b3dbc6f0760a34319b643aed6da,eb7c8d0cb7afba45e3ccf07f08e17fac,1099214,I04614,1231411120723594659,311275862702150564,399475862702150564,392000,,Tx submission timeout reached,
f9b1171ded53ca93a02e9555ae7463f9,3fc714bd4b26d6da94b882bf2ba38496,1099394,I02185,22969517951764711658,354323351288047197,442523351288047197,392000,,Tx submission timeout reached,
7d170711abd7b5ef92727e448465fcdb,01aab1bebe7a7288d0e14b227a990371,1099406,I04614,1232446264897671658,311947758055278826,400147758055278826,392000,,Tx submission timeout reached,
47ddc546b83e0e5b8a03f0ceac40153d,77e1f282401e4881bafa8989c9ded429,1099464,I04614,1232179407000747360,311774490914880834,399974490914880834,392000,,Tx submission timeout reached,
8a370ca29f617b1f56b1e3ed0e59254f,40c899a2d82b45ccbf5a65913be14ede,1099492,I04624,562874619281997769,184447013556898247,272647013556898247,392000,,Tx submission timeout reached,
0e3f27d2aaea50aa692677e6d37b70d5,0ad1f6f0c3d2a3003f7a28120d27b1e6,1099586,I04614,1234585077874380303,313337815261487179,401537815261487179,392000,,Tx submission timeout reached,
625e55ebe863c1128c79e32fb06092f9,853d351afdddcd17afc82f0389f458a5,1099638,I02185,13840613618279135567,69181895647188633,157381895647188633,392000,,Tx submission timeout reached,
4d88e358538de75e379eb1735d8ce57f,ab497f2b1766617f684403cf94f852e7,1099650,I02185,13845328278020218215,69290367258223836,157490367258223836,392000,,Tx submission timeout reached,
9381b4dd30c96d347ee36ae171226482,fe6adcd0f65922129a29ffc58c7d54f2,1099716,I04694,12157233141059700435,63759289919083573,151959289919083573,392000,,Tx submission timeout reached,
da4b3233e5a0aff65f54ec66812aa576,6f652bfeb980f1e25dc35687ce852812,1100058,I00295,26854466703245436790,66518078525955864,127718078525955864,272000,,Tx submission timeout reached,
755c2ae97b5483d0f534e424dd87b62f,925077a574920c958581a9242732bb58,1088432,I03731,98584932701902695438,2412847793872919796,2501047793872919796,392000,0xc5734b7c7319deb919ba5289b13bb2431b7bd7aa01abdb3d1f7b0fa6f60c0152,,4567
e569945917c2314d50688ac23767d8ad,5d754cbbb768c1f817436b2a2a283b69,1088862,I04536,44155547373037389590,370228387443177360,431428387443177360,272000,0xf51eafee3cde2862b1e87882e935ea5142c6e3ac8a6dcf240301709fc91d90d7,,1174
bd2132d949df06320bb6014cc1cd8ee2,d66308aa94a137ea4d67f3b6942b7633,1088828,I03484,28966571322137150432,2610367247099629035,2698567247099629035,392000,0x7384d2dbe7c41b5de90be2ff2069fe4192cf9ad0403d90a64e77021171de4015,,1865
cda89ef8ec48c3ce7aff278709f8ae7c,65569f569a056d97540bccc59024fda2,1088986,I03731,24910562670012503009,66004310045916391,154204310045916391,392000,0xb813284353d11eb963aee7cd4eaba141e1c249cd4c8c6263c394b845aedb2e6a,,2111
abc86332c654a4356916502f1ac6d8d4,34f76e4a51d46eda25911496dcf9bc7f,1089064,I03730,31001320432450409083,85923238695349430,147123238695349430,272000,0xb690f207503aaa004cda55ca9e30323cf694eae703d53a0e3e4d26be81632d3e,,3982
d3d75d070e3e5475a6cfcbd116b9c982,bd2120ddb90fad7fc794eb12465db19d,1089046,I03386,26208134911802716778,2562590830229179087,2650790830229179087,392000,0xc532aa6709342585e058f5814e8fa320c8be4d9aca5241ef8d5f9687d8f9310d,,5495
b39d165c727d3c52f580a954e1c4c7fb,8ac60121142ee8de75ddaf7e911fd994,1089112,I03731,30561026028166638836,145111086020767189,233311086020767189,392000,0x0a37d1d967a433215ff083e7784a44ca291803f717e947667902583034efbd85,,3029
943541a8fc6308bb9436244f79aca71a,6692d9267697b44c8019602fc23f5321,1089162,I03364,5123247801829084358,76557549125057358,164757549125057358,392000,0xab9f8da5484f6d6879b34376e9e69e83c4bda56d67abae289e9c5f71c41fd877,,3586
eeeddba4940a12c7f0eedb0a31c4d7f9,3e248f352109b27caa0b1c1c4d2de496,1089120,I03364,5062098107835707291,72520616256126172,160720616256126172,392000,0x66b5e9508db593737787bfe056e90b12e1b106f34b819af34670304c87c26388,,3033
f6bb37f31c15fe8a1b1d0106acf27dce,b2fda492f84f637ed5c5e21960e7e567,1089176,I01836,13577822783213915882,120620162920408320,208820162920408320,392000,0x472271e27c57bdbbc25ac2eba26ec3080763d4a60c7e8fac5a229bb5eb17b43e,,2975
e9a7a873b7d729b3ae401f87bec51ede,a5f41f0e116b6fc715e637a16793cbe3,1089142,I03364,5300388711466514678,88554017961088975,176754017961088975,392000,0x40cdb182958616d28b7403dcc78e352a0c6047c3b9000219e3586c627c824054,,2025
de1bf6902b65ce44d2043cc6ea4eac23,12b18e045fab7c2d8ec51fa565764844,1089194,I03364,9665953076152209106,502732020380113478,590932020380113478,392000,0xa6b8645c574b1694bc15f43921a9ee8f870594eb1c6f1cd2872d1cb05ba01be8,,3061
570da44160b748403beae8cfff5a674c,a3898e7293cbd2f8a98fd1d3e3995cd1,1089408,I00466,86199326415734357626,97851715658685578,186051715658685578,392000,0xdc7821ab55853839bab4a1f60cceae2e7016221553ff535785a182bf0a6e006a,,2951
7aa108d9d364696c5b82661b1d88d3fc,957a054a2879db6e94e7f1a98783b578,1089214,I03541,4817493122753050706,80946586242929456,169146586242929456,392000,0x0ba071196b8984382404570bc047faffc7208b9df70835ce1eca41ea903a77f5,,9286
f90346837997debcc40f2b685d32906f,f83a946a9d7529ef92a4543bcbf0cc0f,1089204,I01691,22966602519713388120,360454736813177240,448654736813177240,392000,0x4d2b4407641c21f2feefad07223318aef5b0c6e506b261ce8e6217080235e875,,2890
513017033f30969830ff1968b060cdd1,e215c97fae0b482676063d8c146737de,1089324,I00466,103275869883834775457,180202042244334940,268402042244334940,392000,0x7580bd3e96a61b25cfa0a12c58694dde02fb5602c9903b906bab7ab828c961e8,,3087
d8fdc68981b3fc46b19a1d5dc8524ad3,e5cd272168384387f04d5b17cc72d7cd,1089480,I03539,5444493569736007060,94358535767763832,182558535767763832,392000,0x24c9b145140adef3d72c1b0ea050a6b2474406654185d7d051e027fcaa46f91a,,2924
ac5b1d613abbf0982a6f783e524a2023,8a767c6eaa2bbe2eba683613127acf12,1090464,I00466,106559819835915513794,196099280902827878,284299280902827878,392000,0x2cb3131925d3934a11ca3caec7fbd674f93507591fe2e2237d50b23d837130fd,,2953
c6f5c4472014da712e76e88912996877,3cda52ff4870501fa7569634822e6b0b,1090122,I03626,151588155324411749751,5074102000303244429,5162302000303244429,392000,0x06a0223d1c957cc5ca4496d05a7a29ca2630dadaf31b02eb2b390f52182eead1,,5476
c03fc9db7ab1fde7ad689db8cc823e04,649739a9f16dd826591de14803776de1,1091006,I04196,42812570042191116883,344848436663577974,433048436663577974,392000,0x9f1cb5dd9517a6fdc83efd024b6e425cc23f04f049abedeac27a17718c8f6881,,9016
a8a46954e9012fef5171ece85e1e4083,d5bf62eaceee85066a71570d90977091,1089568,I03386,8556368301139439904,175096542224876520,263296542224876520,392000,0xc4e10d00e36289dc7d7fbb65baaa4fc0b52f2a51e0be58adc23aefc91183ca3e,,9406
d97d1953cc2d7a1a664a8fb62ba9d9a4,feb2be80606427ff1c377820c68e7950,1090826,I00626,66641712659266853381,787154702972513691,848354702972513691,272000,0xf9b28516c7108b0867f02c5a01b5ceb809552dac839831d778163ba9b8f355d7,,5790
54fa1afb03f715c91925ded2afe33037,34c344afc9b185d097dea719cfac9da0,1090098,I04124,25111340750359518793,150889060792721587,212089060792721587,272000,0x5f0a163126798e684e3ae749da0e0280adfc73b3e5ae4df2dfa989077bb07f13,,6932
d132bcca3b2ff98f45e834c59c0e6af4,5c776ad25e6da9d06a425bad13c6d59f,1090740,I04196,30571110619341779306,135323844317314474,223523844317314474,392000,0xbd7a7b33988869905a7292b26eebe07a765c2fb81d894e36b102899d983535f4,,2730
f6042fd195887683f03c9a0f0999e95f,e3d610d8b8e69fb1391759880a7d228b,1090400,I00723,16668475767273700233,564417987390138989,652617987390138989,392000,0x15e1da9adf253f8b6d2643ebf143f27c687e4486a929523a41772befe916fe7e,,6081
d625bc392f1c6f62613d1ba270aa5367,4e34e339abba6023547986422eadeffc,1090490,I03731,65908316987978489427,982523426226021190,1070723426226021190,392000,0x9ba119407ad3ed84db9fc27503fd626a2e172159fb72711276bc44090be531f2,,5215
8eb2e27ac3ec81d479f31a5535308195,b6b25d6c37e7388719fa8c960f630d96,1090844,I03631,28290211734560622448,115044348454354709,203244348454354709,392000,0x29d81cae278e8d3942c959f665bcb3beede0610376a1fbbca1a1edf1b6203dc3,,2290
6af9e5968fbadcabb230bea895a2316e,d4ff723fe9591d0afef4d5f9634f5f57,1090934,I03731,53242299380703747446,594759571369329439,682959571369329439,392000,0x538fb0628423228e3bebf41d8a85e5103dd1f726b9bbe4bfc149dab9e6ba9e7d,,1259
329e5d97a93dd94ea05ae6430399a252,926feacb6f5d0f50bca7b3645efeb851,1090314,I04212,29850759230274938721,93967712359720273,155167712359720273,272000,0xca9f964f3c8f40049fc813e11856f9b36b14a551b3de36ca7df1efa49e6db112,,9355
aca82599c2111b84dea034fe05b76417,c49ef412e34be094f3d452cb916d3449,1090580,I00726,28246065290726567189,89157893577340536,150357893577340536,272000,0x3e57a1f37e2a5fc4532883faf2153fbc50356097f85138bd0c1eed3a0619728d,,7549
18c8bd87f976746b43660024e88280d0,0dfbe4712f96587544283c06f714d850,1091162,I04123,28429084465389617199,59255637377712711,120455637377712711,272000,0xbd1ba46bfa1c9f3fff2a89c02fad83117d57f51572259ec005429cda2405adec,,3112
4f6563167b0a2733d6749b2fb92dbf92,e1e9cd517f7374ffa7ebab3744a7309e,1090814,I00726,25087503980251506963,56256783712302476,117456783712302476,272000,0x1906ac2c77da9f88838173d512142f31eb6557468e1c28b123db2ae4ef251263,,9056
9d4c12ed996cd2fe1ceffa49034fea5e,f06ddab302ed7dcb1176790967990b12,1090748,I00726,24998651505600956771,55960848249843251,117160848249843251,272000,0xec14db79bd3a667eec16df97f15357f8282f68fe40f966bc7b68188d7d0e8ff2,,3705
b3f0ffad185dd548faa40b52dbc1b011,a3faf20a337f72ec9e541f221e0b5dd8,1091318,I03731,24494640619900651711,52414735072010841,140614735072010841,392000,0x533d3a24a4382d534c473bc18424ceaa8888fbdf5a4bed06d2de6f4ae9a06ae8,,4077
b3e0987b6695ff6ab7adfc89db61a01b,27da432188d51a23048e0707b5e81725,1091334,I00626,27875223479225430521,85270124382739287,146470124382739287,272000,0x780db747b08d32efb89ccc1ba224b56a026d7cc7814023ab8933f2ef6e6bf96a,,2235
2df0fa121a74e550af5e0a248bf2a36e,e109cedd8a33d2d2a13e4855b01b6f53,1091748,I04123,31679808826045567533,82674108250341426,143874108250341426,272000,0xbff15f1b78fecb1cd77f0926801d5f7aad0d5833fd02d766a99a4ef867814862,,5440
412379899400f1e51da56fe878743f51,4490faf87ef87cb212fcd5499db61239,1091418,I04124,27576060621511637810,191708084797979150,252908084797979150,272000,0xb480d3ee544fe40caa787246498bf81ac331bf6424a63568caed892bd128fa45,,2958
83d0625592200d5d5da232592df727c4,861e6421fbab0f8be986f7c6f8ec8744,1092090,I02149,41717736804520051955,188680800085340306,276880800085340306,392000,0xdc4bc114a87e41b74650ef24325890a17205d301ecbd91b2791fba37f172bb59,,7231
3ac8772c2cb582b5f59336e7edd4f3fb,28ce467b98ef22d7ec90e1ecb0114966,1091588,I03751,25049513002875613030,169945402195290852,258145402195290852,392000,0x2f35fd4aa0b173d78a76124fb59eea6eece14e044eba276992de3917f75fec1c,,2852
f4d4cefd296d538c6d808c6af57d0561,b3dc72286ab0d86c38219645c0e2c28f,1092084,I02149,31304966973414917319,67703854180078453,155903854180078453,392000,0x35d7a2581f760d43ce8f1c35b79812e39d96755f05c71a26f57d7353ab599a9c,,3924
98bcdef53a3b3b8beb18d7889b9b9707,932a6176a4da284f799355da338f2ee3,1092104,I00726,41486745135848659012,260303638866507458,321503638866507458,272000,0x30ad97f0e22b4dd11866a44c13d39301a7c61aa5ba68a30e2bfb26837c64f91e,,9262
aed5022f7f25ed0e90d0019d65c04fa1,2c2e910eccf56bb8e9724fe9e9d30281,1091848,I03731,204336717600479947117,9461647196535955550,9549847196535955550,392000,0x686858b97c76b902adefb3bdda959179d0af89646f389ea9a30a14752acb1f54,,2885
ef7ba40cd8fd7c4fea155d3b20e788b5,f9f207facd487458655109cb67d1b13e,1092436,I03731,56324675133077534893,580713208780637971,668913208780637971,392000,0x150af54cb3da547535e7ecde22b619f1ed416e90c5a6346a51740d43aab54c8c,,2976
38ec7c3fecacc2b8706514743fadcd90,afb1c7dcca4119250f52655576d4360f,1092964,I03731,29068035243314187540,90138248910743181,178338248910743181,392000,0x90be4f48d42fe0d63953e00ffbc4c17badb9d786eca92cac8e8272a135127d01,,3088
d00558a8a24f4147b8159c70aa71d10f,af869f0d833c6b15ae95e777b49224f4,1093154,I03731,25590391149460784509,50085707768792459,138285707768792459,392000,0x7b1e9e40c466eba8755f328e0ce96789e00041b3e9647a4237eadfbf2aeecc72,,5244
931eca35b09c923e08ef725ca6990b47,acdcc54ee818bf0f45233bd450657191,1093278,I03731,35892071012541512582,183890767381805637,272090767381805637,392000,0x5a7ae2b19a092e9b77473bcbdd57a2d02db6a7285f1f7f4781f79cce7ffb62e2,,2954
dd7c06a6ff7e4690b771ad5033c39322,93fcd96bfda4ac5c06047de719cf754b,1093122,I03730,28817566700479802871,58281347134099889,119481347134099889,272000,0x34054d89cece00a53788c66395da63722838c0c2cf6a983252fd6b68127307d6,,3175
90512912ea62da7667beef74b38445c8,212b40843e29d5429032c6bf7ae1320f,1092120,I04013,8618040273206129140,84190551100173696,172390551100173696,392000,0x7a0ed38327e9f1272dfad94243230f36fd2316a9f21112b06a604542d188982f,,8448
c5dd4cd4848c18bbd3de77a21a3f1eef,67bf0e513a1c91705605471336e0cd79,1093588,I04242,36920715561896914103,52813341276554830,114013341276554830,272000,0xa6a29fb1d389eaa8e05e9ee6b3605b13d79dd48900fdc7398322326bf4355c81,,4177
c3f8fefcf7876c11b820c31bb52e361e,2c2903c23c7afdff3183024fb92820df,1094096,I04123,52837073770118107952,347614056069403625,408814056069403625,272000,0x4156db1bc02cfc568de41e4842b35f2184d7046c533f2c4208dec77a6cabe0ae,,2409
5f3e0dc81c0b79187bd11a3f65a83d2f,61ecf43199af5fd4b8e6ac435d82c192,1092658,I04123,41387204638373195723,186595261017025220,247795261017025220,272000,0x2918aa917c6aed03754aeb5dbc860f1f23bb487e6e41eb99c5def115744b3215,,3909
c85d8235e3de1a187f50f8ef1fea473d,4deef2d6e858f8e82a8201ab73b828c4,1093202,I02174,28718201757363092842,159383307229417558,247583307229417558,392000,0x7fc2c7d9e14dd8f7071b57e6a1ee366c378f85199f2e3930f1cddd23426a3310,,2861
ec1b53fad9482e7fe222f9f281647baf,5fe722dae9ddff70ad022a5c4d5a0ffe,1094110,I00466,204207593772477523923,943441788732350200,1031641788732350200,392000,0xb288e4014d3c74435e42cd9ee8a519b8da6d469ff90927ae7bc6cb503ad3f5b6,,1197
9badeaf55df2e78037bce22fb3449a60,165df3c3dacbb4ce9ef440b8da09d633,1094042,I00636,69224594950581289315,695792969686702813,783992969686702813,392000,0x831656574e018d75aed6083601db80bb12d67160024cde8182112de80f29b9c2,,2854
70dd19e0cc63c4792d467c282153b5ae,1e460d3d0b8f782e85632928ba615a57,1092410,I03730,30044780132809465644,68562292367067387,129762292367067387,272000,0x3ed95758f89d4b337e4e88bddf4bb7cf60ace06129e4f3f6043f4d8e2f90d412,,2539
20d341e52c15e255008ad2cde640826b,84a744a2000937240643a0b073038db2,1093394,I03730,29092072965737344485,61256901816629986,122456901816629986,272000,0x1872b8c033812f67237adcfec92a7b8fbae321e923c6d1ffd387209c113218ec,,1557
bdd31f9322cdd508579e27a897a50bf1,c9ac4eae5779c228ac743266caf52a25,1094694,I03730,29570378433618676956,66229134135331506,127429134135331506,272000,0x862f2b5f1c9c64a5e2f57e7a1bcaa3d946140db4cf12c51f5e43b252c517d1b5,,2975
d129206266d4a6079578cd28683d850a,9e783455ec51cc2a9f52032dea0c1477,1094924,I03629,194141442554241180972,9665081578085848495,9753281578085848495,392000,0xecd04c65521b289d5aaed112cec87aa7991105448042ea90c65f8c69c8a6bb46,,3316
d96ebbcd86c6ff739e3b4efa2c068798,9569944798be0823840413b6692ffcf2,1094806,I03730,39194287295756053004,163849645523912652,225049645523912652,272000,0x76f1793f3f0cadf15bc575521e85d6d14ea44b6a1a901e95a6d5266ac61d06f1,,6024
6907e58544a1727374d0de7a59e775d1,31ac9b25857eb6d207861e11f783e0b2,1094904,I04197,18946195461248506990,55491449191011543,143691449191011543,392000,0xe24ba78a0ec865f10e267e6a92f35c9a5f3bab723435f068178126463eafca39,,9186
e81946f1a8f2f40cecc0e5cc38f28ca0,4b97cac9534c49e0740b29759c356b8c,1094960,I03515,11094621772322922732,372355817652850518,460555817652850518,392000,0xce1db25d150ff722e5b417dc2c98764f0887b31d29775644abb10379b10d721b,,2224
5422ce6dfcc91c0526ba4067f4e46873,09e6fd82410155706089c7396ac3523f,1095086,I03629,77932522833287007313,1428446032425652064,1516646032425652064,392000,0xbf506f26ecdd4b7b38dff4a554a99d58c8accc93b0b0de0d0c80aedde7159119,,9050
9e74729d9f896afe604f96371c8ec64b,dcd54020cbcc41ab77b39c01f09730b4,1095066,I03433,76127756454545085270,1081794893593273894,1169994893593273894,392000,0x05d71f3b3456eaf50abc351cd1ad3c96e791a4dd94d0e1a8b4ce9ba96043f18f,,3968
ab8c75508b7fcb9b94f1284b6847731c,47f2a33b8b2a6b093d7e421ade79368e,1095248,I03631,57209804477998664141,729715936120249770,817915936120249770,392000,0x9b34b70f125775049bfb4892b34d12c64f9a8aa0ad6f40563ba7009609b00c35,,5280
f3cdfbdfabd5c3046a4d93855b6b8fa3,c9df98e8bea3e60450019b29c5fc3759,1095240,I03626,132391791051536229967,3558182574308991952,3646382574308991952,392000,0x8626b5b9aa8fbeda2eaa15554b9a217c6f9957217057c973f21a7b7fcd082294,,2048
d342453caddc81fb3c14a14142483959,c3db357d0752ec05170f1c1bde8331f3,1095294,I00021,10559060771051561990,372423821675077705,460623821675077705,392000,0x0796f8806bf213764f3eb17c31d2c045a5bb6c4237f1e9226afd34cf42f6cec1,,3857
fea753f4cd2c9afa446b74e01196ed80,729a1c28b398653932dd6eccb6e24d62,1095338,I03433,82334745557500700123,1280497937280906694,1368697937280906694,392000,0xe18cb79b0e8496af2d39b56bdd72066e74e7c097ca45208ce38bcdcee49b76a1,,1681
84ae8d24070ce7da51e9dae8f0880769,a29da4bbbdad0bf5da1f9b8453a6cea2,1095134,I03433,136436995207273684575,3627471548101616532,3715671548101616532,392000,0xea1e92ff5a76964e37f260558fd2ea67c5919d088208d0ab2f1bf28cf88d4095,,8175
33e0b96ee87fe1cede7ed3c4aa07d476,bdf3e37fbcd8d4b8b467b8def496ca21,1095498,I00003,9868019713720385143,166543109813176109,254743109813176109,392000,0x79c3317329fff626fbc577bbb4f188fc8aeb66626bbc1194d4f450f49a7713be,,2965
5406754d15cc1eff0b523298605f0c31,512f59dfc529f14565947c454162c4a9,1095976,I03626,97887210020478487950,1829598836463691316,1917798836463691316,392000,0x3175545c65d4d2183a95ce1a2cd45a9e921dc81c0008c3a5f110dd3897061c18,,3011
1890af073bd0921bc5c3caac28c827c1,291ffd5688e497803db133308d2e963d,1095370,I02252,10053013541994502826,57717447771920492,118917447771920492,272000,0xbd4d67e078785590a16d185394146c6533edadc1b9cf651c9217cb7daebf5f63,,2220
2786c6861bee8b96d30b8fc8474a33d5,2fc5373b9bbec130e7dd9db94898f682,1096076,I04197,23023658481403006724,129417944425338088,217617944425338088,392000,0xb0584b34bc640e321d7f1c305e0a1bb62b0d82476a014a45d7893ff71da72df4,,3241
577a35be6c8fbfe28f283d6a96277c63,05198343cd9d28c0072f1b3cec4066a3,1095780,I03629,107549890872631713101,2740533782113298750,2828733782113298750,392000,0xdfdf57988690865cb1bd6a5f1690905d0b53151ad51a11b55d247386151ec429,,2020
a8356637daa00df79ad3701ff687d816,2349697cd1b6b584c0a718b99e073562,1095574,I03629,29352231678076579321,121998509559661885,210198509559661885,392000,0x3bf2ddbe8791584fbebfb61e0693f2bb746b32dad64829daa8e6c694d58842c3,,2983
2d3bdd420170c2f287a0c95439334fad,14ccd9be57ee643e3655eef754797b90,1096118,I03433,42698621252310656172,265994683369891173,354194683369891173,392000,0xa687261354fe52600c8a6f48ed8c031d41b656e0a5e72574a75a3b29cc7d8710,,9047
c4509ce530ab9b1952b679aafc55cbef,02546db1938406ce4f24abb88539595e,1096400,I00626,44173100414309271779,318560057676624062,379760057676624062,272000,0x27e55cffad15513b8d677dc877e62ce95b6b3d6d2572cbe72e80116ba02c6772,,1884
c184667e76a23a35ce55cc91bca63cf4,37535a4a1235222832a80d79a10a201b,1099656,I04624,539099769414167504,144888330680300966,233088330680300966,392000,0xc1fbb481e5ec0f5b67de152ac41be02c2af933949fc868b67c4d07baeeccdad2,,6214
1ab14bd042fd82c4bce670fd52951bab,9fd2b9912a10c0870c5f72aad65f7625,1096348,I04196,109306439187607341989,2844717976778179825,2932917976778179825,392000,0x9361ffe50f8d24d7af4a7fb71ad3193d79439475c8df5aa3f42caafaa0828014,,1457
21eb9750dd19281211ad9a3f8c581e79,cbc36c90be16b9a76308509a1aaec703,1096488,I03885,68253072664281762568,753954025536327506,815154025536327506,272000,0x7af3a5aa314b053941e6864620e6a758db925c8bfd7b41412682519ed3cb0e6c,,3031
13cd4d7b5e6ada3673fba28cfcc0fc64,d1c94b9c27f6161599873df2884ad0bd,1096384,I03730,84749321874977816762,992537326757078284,1053737326757078284,272000,0x48e17806d295ed4a72425c7664d9d46edc48d7fc5e398596694dabb714615f2f,,5807
d06e1b285e31b2f86159da81fa6e4380,3da3ac4b4408382d57b640f9633493b9,1096524,I03783,32996935922018308274,105129596037821846,166329596037821846,272000,0x27adeca15564e4ebbf466220db177868822a461c8b1f7a3f88547eb4ad395748,,6064
ccae937a8d8f835645fa88767d6bd178,b21048c559e6c7b46288b8913a024888,1096572,I00466,77512592143802803871,61472374587562042,149672374587562042,392000,0x38df7dfad4758b45bfefc19f4e243724f0add78f435aa6fa1ac6f8d11a0977e7,,1433
d728a52fc2d38fb78a1e86957c2e95ec,a4483dfdde42f83ed5f5023363a4f185,1096876,I03626,183682688165019058191,7100595657627492013,7188795657627492013,392000,0xe3bd5a11e55c1b34b8719ad929c1e9809b11e9bcda49f8c48862a76894b2d2de,,5489
4fef6df4bf49b3668121f6a592629605,b7a035af56e06e1cd6b90500e69d13ac,1096880,I04733,17782478482387446573,134368409749150798,222568409749150798,392000,0xd415fdcc96a768d8c89abf0960c7dc7ee81694af788b8740a1ecc4032fd505ed,,4076
74742693f22f7067b6acf58d146d15cd,fe0a09e1a28b866085b5592b5bab42e4,1096800,I04614,896369392266884997,70646282757003355,158846282757003355,392000,0xcb6dc0d4c9dd518c7a11e9ddc7efd900d27e70f89d6f336b32458a6f332ef877,,9734
6ce20d478deff047bb74cfc63b97d5db,1178af17200d3919dc2b77bc299ed6a0,1097114,I04614,893386918993789978,69590986995170517,157790986995170517,392000,0x5ea467e23c1bf97d59a8fcb597e26257f9e3798bfcc734a610134d6b4977d376,,5962
ab5cde4e88adfce88f99a2ad889ee55a,dcc9897b204b2e464e454ca5ba85beff,1097268,I03536,8865901138163110237,162386524243209274,250586524243209274,392000,0xd6808b3063f5b8a1f415de03c84ff4a5f18e7f63ac3245271c091b4d1beba3ee,,2423
b861eadde10a337bf7dc8903b5fd725f,f821ca5c72633bada6e5899b19ea7942,1097176,I04614,897748797418884311,71135547609598080,159335547609598080,392000,0xe2bcef7bff4d1be2839ab802d9a9bc9c1d281b76987c65538373051fb8f733e2,,2198
2a07e6d5c6c636a7bc34e97c9fc0d9c3,0253ffb17b5131a47a65060ede8bfa65,1097302,I03783,37157181270274939847,150341933154947595,211541933154947595,272000,0x6cc133facdc944798ec914c8d08fa8a22a3397f85ead768e96661d50c4a8773d,,2689
f5fbf621404d74fcd95f802c3156ee00,5140f82ac5b0ecba59bdca95d01bb3d0,1097346,I03697,63790198441649791122,124342236112734423,185542236112734423,272000,0x9f9a0a62e99202f35c3b8e6a97b2b4bc44f108bb52b908ce4b9edc0002246f9d,,4049
184459d770ea8fb30d944fdf4e8fa9f4,6394f81065aa0e54ac18ad764a7201e9,1097374,I04614,895630778848333152,70384607179361716,158584607179361716,392000,0xb7ecf52d3e5b7fdc599a1e4ab1d70d3f0c62154eb232f1b97df6d902a0a4eb05,,1960
b85dfb3aa16e91729b9e1c3935ac6e24,ed5bcab6da6f19ae4d08a639c8316502,1097428,I03783,35719715250243189626,135307500750145759,196507500750145759,272000,0xbb6637d9a636e04108906630f09c9917481cc256c2a4915612f59df64a5c67fb,,8770
4b687f17a71f4ebd5248d2ef2d9369ae,f0bf2a52eaba25f21a0e214aa7a50905,1097500,I04614,895753535379461015,70428081903043047,158628081903043047,392000,0x97b5c083648b7be48d1aa93cb4ea33c242df2b1062ed84a83d1cea948874c0e2,,9798
04e46030f69bd484a16727552800ae01,79b923d82e2450aecc9e1389dbdb17e1,1097522,I00636,33238359726881374460,100896115331338480,189096115331338480,392000,0x916f078164fe418e122489b365efbfeaa0b630a13853ce3ee4d9cf0306b0643f,,2484
fc2d5539f0a4e3d2f4eb3a3d52fa2bc2,13d9b5c87ff9939fce3b2e44ceedcc04,1097548,I03730,30642194582934439440,76221554081944946,137421554081944946,272000,0x230958bd3031b009545dd84039a72f021dc7747187c6b9d6eee9b761aa95c733,,2171
7fa204b542af093fb4e60bddf372678b,24807785e72c0e3b67af3c7ef7f2c2d0,1097444,I00885,27136594335808429891,93324036636728868,181524036636728868,392000,0x5d0e5ae39b73b6bdba0bc28bfc98706817163d803edceedd2e987b4e4eda3b04,,3105
f69f9f7d5c7229ac9fe15174c606c4f2,767c9d2ba12af6822ca458452681638d,1097496,I04614,895760369467441187,70430502398417079,158630502398417079,392000,0xa062fb3cd9497e5e99da0d99cab0f17d60a2a088da05c67da66772ec65128681,,1167
8f68831c6b85640daf43035a8221c005,825013355162f5c6de0305508f13842d,1097738,I00035,6721159584860042514,208702070065869471,296902070065869471,392000,0x63022ef1501a9678c5f8939fc2f5468b964f96b0eab38a9e33203b1e2dc9c633,,2388
da0f5e8d252eb81c3504527808c40e1c,09ab1273c0ad5901ad81ec2782e7c62a,1097836,I04614,1419764119559372556,442827541839893916,531027541839893916,392000,0x186eafc10016bceeeda6ebc5827bb37b8466aeaf7907ad5fd385d7b93322c560,,8539
3f839e5d967fd6437480eb5925f9b2b0,1c1edc968bc5b2b13124cabf0441372a,1088840,I03358,6480945216499284057,168438113074392775,256638113074392775,392000,0xed8cb5f7ef1e9daae513adf22d460dd3f7c3d5bd244616cf0908982868fb47f7,,6057
3bed70843dadb16f32128bff5ba2aace,2df0782d3746c9d9f65b5e82a4c95e4d,1097788,I03433,172510927643758856155,6046813374868995865,6135013374868995865,392000,0x2184d0461d7a24067b50e3c96f4ff28c0ec827a7739afdaf41457e15eb902af3,,4034
74966b532681cab06ce51c2cf7d38569,a8fe24f0cc528ffc6b4e2dd0ba8bf60f,1097802,I04614,1419862177535475035,442900899397581345,531100899397581345,392000,0xd516b52974d7fb4ca85983a6fea812fb0bd821396e53ee325de513b5a3d9f64f,,3122
7b7b64bb4f81b3fd2690811fc3bb0c56,50628bbfd982c77ebb3baf73a30f2b93,1097880,I03629,36388011968068759823,225773772655147377,313973772655147377,392000,0x2603f86ce6731bf991255af7fa200a303150f3585d3eaabdfde9b4d2e2a6d4cf,,7614
d4601dc36bef238bfcdbdc2f6510ff23,1fa74f9e08eb37155c042d6191969ac2,1097792,I04490,19434341676736907656,81620139987651319,169820139987651319,392000,0xe4d9b4811e114c33566e1a2427517c5a4ecb1513ce8dc96e7217d0ef575806b0,,5784
b3e6cca7292011d2196fcd422f062b38,e850ac7b78cb291888e5f53785b4f9af,1097840,I04614,1419764119561951078,442827541840858349,531027541840858349,392000,0xd8f9d331cff700760a8de4b9d56b47a7ac8d280820ea4a0d1a1ee8999a5f981b,,6121
8722f52a522ecd00bfd939766d6eb014,bc4403b30b433f8a9b9cea3a4296e8bf,1098286,I03433,100890848493695487787,1949110094268157323,2037310094268157323,392000,0x6b0bfcd105fb584dd82b9b2b8124cafdc160647222d5395a549f72a876497035,,3005
67942aa685707517789da210caad44d5,2a75d31ebed0eb0ab2e72fc5f7c8b907,1098298,I00726,30706222155663666411,121409367860000985,182609367860000985,272000,0x5f72a399767ac52580b7580c15914d71f0023dcbd5ad94c04f7c7fea2f2edcd8,,2144
5938ce0973c406da29f5d5cf43ba4abf,c73a3cd07359e22823789a9561ffc6cd,1098370,I04196,34545450169077777357,201732004648525387,289932004648525387,392000,0x01c99e3a7e5ac6c15299c7714ceada7a7a91ed03601504142bd468616043dd05,,1902
33c646639cec71aed865341ca366991f,145a033191a7f32c34fdc24468fbc44e,1098298,I04614,1421597092566151283,444199578021892919,532399578021892919,392000,0xe01c8ed3d4df0c02068df225e92ebc9991c7dc9a75b7922b519eaf3c2e1d6132,,9804
31ef9ec95e39ff699eb9609e5f64e668,e029d2b9dc6b0ee44c0cbb02b6f6cbd8,1098372,I04614,1422116565199430259,444588743315355377,532788743315355377,392000,0xcf949ba1e090b19630f5a4bfc76e248b89a032987443a4f00f0d8bab4e5b79dc,,4711
17a9b0d622b5f3ebd50c3d4ad8d274eb,781c6d3e59139a0dd6bd4f0de58022c2,1098352,I04614,1421606897874412107,444206922397386125,532406922397386125,392000,0x0bd936bdf770fa524aa9f931cddd09b46e68b08d8de83e16d09d16dc165efae4,,9018
0eff1f43de1155b6fd0e71c360f19d39,e80dd057bd28e3e19c39b831f8a96f4a,1098360,I04614,1421606897879169303,444206922399167746,532406922399167746,392000,0x4d3ebb0bd27e8423742e829751fb106ce4ac4ca1fa1963eb77dca4024fa3a08f,,8001
ec155d09385124ddf9347f998df299a2,49493bc0f4ac90e010fed80281c785ee,1098408,I04614,1421715975666248581,444288627289868320,532488627289868320,392000,0x4f3c713386c23540c7e41b4bc179a9664d4e878c5b3d1a1dd636454227421820,,6096
b76cf018d695bf90a49a54fd41751a85,0d4bf019f8d71d949b277d6e112d041c,1098534,I04196,68819479272924165273,1108306842398926613,1196506842398926613,392000,0xfef4d1bdda40d9157486c93a6ff0d49e786b0efa4e31c02b4f5cf84c9cef9b2f,,2961
da83116cff7d7d5e4b0b908504af9c12,b0a88b1cfd0fb096dd38ee3b742916f7,1098376,I00726,34381365475128697646,166417561949421684,227617561949421684,272000,0x984916132e9300df37f5ee035b0f910625030f68ea4dcfa68e262f5a7c6b2bbf,,3081
aab3f077ac50af0d765b4178ed71e694,e02df6e28658703243c41fea1e4b9bdb,1098594,I04614,1419985813158735203,442993384509553614,531193384509553614,392000,0xf951bfe021931596884039bf99d3220094347ed01f3f70d62b1d77a27f5c0623,,4328
66175c19d2287791cbb6e4e3308f8a6a,7cff8ff9ee3ee99f04330cef15d1cc47,1098676,I02142,1533104065467547826455,63242615377960045928,63330815377960045928,392000,0x424519c37fbb00376d36aef7da6df7b5222decd23b2b4277a1ba03b2747b0af6,,3949
d1a805f0a5521095726669c4e72f71c8,f263c427ebdbcb4d63646ee274a29679,1098688,I04659,33283788526125425289,495430648569148385,583630648569148385,392000,0x2eafc9b6f1d7ac7f824274748e880c1aa8c772cd04a5fcf2c480046198078f40,,6041
a6af02451b7d7c78fb0bf05f8f658ef2,65b77e1f3659e9de571c498fca84b44a,1098680,I04699,83712579106164850613,3517304813830290999,3605504813830290999,392000,0x5c903f18fe2f5101e722b7e6833cc649e4efa646f8dd26a0d5d26b3a7c45249b,,2735
9a55168144b80ea66d57c8df8db5fdfd,7c41acac851eb5824eb8c5262739b1df,1098712,I04616,1229131146724860715,310342852859534500,398542852859534500,392000,0xf4327dc5051f6a795e49ee300cba26a651ac9f9b9a858e0dd1e70227ba0ed3ad,,3580
a76d9f181841f5b99439dbe06b380fe0,9c1ab42fef6961e9ba54c667220cbdf3,1100674,I02142,215347243760013661547,1105777707271141209,1193977707271141209,392000,,Tx submission timeout reached,
69947ff634491e655326c46920a38723,a03ef29c3f3f8d4294486a574b850ddc,1098706,I02185,35768660117747420460,1001586417504338985,1089786417504338985,392000,0x72bac2f4629453d2d11bce651455aab356a6644a2bb515a2cde56c8736756ce8,,6541
b6af57ee65fcf9917ed72f2aa90214a9,dee2981f79f2de07fdcd8ea0bacb16ab,1098762,I04614,1222477560881247841,305500695848618977,393700695848618977,392000,0x680fd77a7a872b43821c19f413b3263973c866ce3388c09df4ebf735922fe5bf,,8647
6c31762017eb20afdd2b75eefd85127f,dc4fc2a8dd6d6675c062d470970d829a,1098728,I04614,1216962344723578877,301956335782056086,390156335782056086,392000,0xccaff337c414a9e81b5ab293ba9dd24e4768ad2eee0369ff7dbf740926cd8270,,5772
d07b9c740c3394782c155f8f6fcac50d,1e26aee1e839d675a4f3d4584e42d229,1098688,I03433,159628171052898797099,5282547574746119830,5370747574746119830,392000,0xb4663e3091336a3ce78dc960be7f33921f021077ec6de61985d241b7c63da6d3,,5070
5f9a9874b4d2aaed993cdc7b5856ef5f,1bfddd29d378e7483e2d2b8e66843a66,1098766,I02149,47402939093044446357,310837476119752502,399037476119752502,392000,0x7c3b0ba05e5e776fc7835ab69c6162be86dfad9a37c3f3b3b48b0acf18817273,,934
b6098bba761a9030efbaf66dc2919bc5,9b7a6ccb1bfca82a1236f689947b3b4a,1098976,I03433,189643412609839227675,7186875311565749136,7275075311565749136,392000,0x403c3eca6b0df620fb216afd306cb967007c8011887406a556cb9c509fd12a0c,,2989
47b8a5046f82f9240914e1d57b223648,1aa6fb4f8e0dd2bd7ed3b3248cbc2a9e,1098984,I03629,60529570446424816266,742129383434203416,830329383434203416,392000,0xd7cedd3b1070e54dcced70a8825aa398c6072afb348b06b6ae9adca8cfea18a5,,3006
fca1664c4853610bad8d00e9053d2a31,91ed45b1d0f06829791ad84c183f599d,1099052,I04614,1231652268998617867,311432338368925833,399632338368925833,392000,0x27dc77edaebf73cf9bbc393558ff83cd5e1aa21f63dc6277366c1531fe8ae838,,9944
e5aa305226678308405dd990fcd7dfb9,838aa3615663f18f777bd72a28c5861f,1099070,I04616,1229133433282817269,310343594270517097,398543594270517097,392000,0x1ceed92d5d7fd47497ad6ec115067c09dd088b3cba4548594a9bd6f86ee0b1ee,,4640
1d979e7f8adb965414e5a95355c5c4f4,4a6a48e72a072a4896765c1856c04a6f,1099164,I03731,24319100528755997532,66019269771663353,154219269771663353,392000,0x2c0f508bdb01d7c7e82f9e274b93c00393ea674b3721d9ba741e858dd769734b,,7224
14c677d293cdd55a9209595af9e96bb1,fb118437f2b1af48dccb78007aa3fa04,1101432,I04212,27074574342383757969,62351186803698259,123551186803698259,272000,,Tx submission timeout reached,
e0b17a0e20f745e4ece923515db747a6,19305ea88910bb2ec139e7fbd23b4abe,1099252,I04614,1231276087275844932,311188256362076390,399388256362076390,392000,0x017e8f80219f7bf68bb1afe500aae794cf9a6feccf845ee745244bc83afb2d06,,6780
335e067a42bb527ad8c9c745bd18d849,0000bacd1e19a7d01720d3451349083d,1099260,I01691,34428013145481225566,946706518765966081,1034906518765966081,392000,0x793b3f09f0eff10103cce3ea5bb93447b0549c4738591b15b8e1eafd22613a8c,,2430
0d0d3a9426ae6806d04a807a357d49a3,33cf937b83b5728f75750113646da2e6,1099500,I04614,1232320794134034240,311866286940690341,400066286940690341,392000,0xa2f305c50df32e7094d68a4389229e905150d66ba5a8d23617641f473429f7c3,,9227
3511c8c059e05204761b47da6c625f44,1a07a5c5fd9e10d7a1a84b42bf96f707,1099348,I04614,1232121641586639585,311736989563649515,399936989563649515,392000,0x8cfcf0dfb5a23862205950d689af17e59cd06e517dcfe697da15d6602613f809,,6000
1eb89d0f4eb0a05075fe15ccae8ea6bf,c72805d220d5cf2f16f2a8af9989c181,1099540,I03730,85794203824586618966,1015208531882232230,1076408531882232230,272000,0x595ba5f898d62e1bb1eed0e2816d7850a2e7d5f7c1b8b4df1ce1c32f69faf641,,1203
5eba9199a838f034bdfdf26b9aa4474c,03fe070484887133f993e9df65947340,1101718,I03433,310186357773400859489,18471597194245913720,18559797194245913720,392000,,Tx submission timeout reached,
8b395ba3bbd4a57b362555b8487c9574,35a4093400a2cdb2fbebc53d7be5ffc4,1102280,I03730,51532825352102676611,306301080900738960,367501080900738960,272000,,Tx submission timeout reached,
26906a5bcb242153cfdcfff1c97ea635,6b67b5e6cfcc1c885eb3580b0358dbc8,1102426,I00263,2305661082349232328,119891904386170675,208091904386170675,392000,,Tx submission timeout reached,
6b69a4af6b1aeead027f6378cc03ec72,9fb86237d090ad3ff83d285b095e4c0d,1102482,I03626,42589081521669339531,240606546740716458,328806546740716458,392000,,Tx submission timeout reached,
e5b2d9609ca744008dc38ad160abd888,b991a34905d19da91379aee41fbac762,1103456,I03508,5104040035347013125,81684354487768363,169884354487768363,392000,,Tx submission timeout reached,
a36dc63a45b24cde4ee4380ca8482fc0,766f63de94a131dc2150470dfed7d46d,1099444,I04624,562781632964862198,184356938878779774,272556938878779774,392000,0x59d3e0de4209564709c8d8f9080c4f0c5cbff99bd12dc599be03143e24b2ab29,,2694
405b52f3afcd788eb0751a7a868528b7,7fc09fe124f73d5862a3a1d8c613382a,1099592,I04614,1234582315991744922,313336018704673792,401536018704673792,392000,0x964b780ded8ea437184f6b7a5a0dbe592b16db0684834a03a5094d8d6beb537e,,9162
b8dcf911ecd8abcf18e11afd195d1a1e,3fab254a23c05bace5f4c9ff4a07aab3,1099518,I02185,14958181852690141730,95986901993362283,184186901993362283,392000,0xb9ef71945f5d32bfe8eb521665401d1b4d473cb224eb0a676ce2f079308aa153,,2967
697e8ee0da830b380ec641672640e0f6,c8ab572de161c5b0475b00dca46b1fb4,1099634,I02185,13840613729441331264,69181896911216195,157381896911216195,392000,0xf7fe247865d186875b69de01c0df968e4fa142ee3f3726b60045e7f3ef3f2ec2,,7353
11e0db429dbbe693cd8b08867b6d3051,2264a5dd8600a83a867b7fbaf05bd4ec,1099690,I02185,13575917597461317977,63153244939317629,151353244939317629,392000,0x09bfe83659fc877f98b39210f04b0c8f1fa47c4396071a6c72fcccd32fec0e87,,5919
e10c1dfde186593da47b4913aab6116a,9e5781069a5232e3ae43a12636ce0ad6,1099762,I00726,24219606789468084019,51821995248610053,113021995248610053,272000,0x59e3c4079084f5dbc488e75289bf63eef64f3351930d5fdd31f94d098c41deb0,,5977
ed6cc668d506e7526a4dda1cc236df85,735dd513cac5e207d94a9061c4ec0705,1099776,I03730,51649973296115676880,324389360621212055,385589360621212055,272000,0xbf4b850d1d201becbf3830094c8339c62d00c5fa215d5e890b08e1ef032ea30e,,2931
99ec5646c06ed4a3474c70b6b1d39a69,9a05e89aa218b01581f4805b3239e51c,1099804,I04196,71121844767991307689,1287541276518254271,1375741276518254271,392000,0x5aa93f03a751d52cef21296abdb15aa504b35418bd4e73cc8624e886932816a1,,7560
37938f3e494db361eea2d758439e85a4,54353c3a4276cce16931684147f200d9,1099814,I04624,541256621516655243,146757161936320842,234957161936320842,392000,0xc539855482c0d4dca1af8d8aeb4ecfb65517e4c6621e4fef1285558ad61b4646,,3206
b87d05d9540eec3f22204e8e550416d7,46c9bbd534c403765dc74568c0709cf4,1099862,I02174,28546192051678148275,160270993770420175,248470993770420175,392000,0x01f49d327c78d63e09587bf176a2ad371c8fb8c51a28779eaaaa683023ea8282,,2228
bb9797e63dab5d3b51e10deb0ccb4efc,2267fa7e0639a08ad4e33705d10d2090,1099924,I04624,551700895551505999,155912285968405596,244112285968405596,392000,0x098e0d0b9fe9ce8eec8db1d05916bf18b257c64b0d9b5b1338faf8587c740842,,6963
bd37089f0d63c32a47468ede85dcd3e9,cba2c3f83637d3c8f1fd2678f218efaf,1099936,I04624,539295870198712657,137558957540359438,225758957540359438,392000,0x282324837b05e2824e975f0ea60feb17d7ee63d1b6db18014ba3d1eaccf08657,,7206
aaf80496e2bd7486f479bfdc812ad8a6,4022a8c4b366c241f0f00ab277dc1f57,1099956,I02174,21809012430040721451,55494940716977327,143694940716977327,392000,0x4140075751e37f4990c1e0e9fc62ad0262e942b4b0b8219c556cbd83b016bc2d,,2940
de244542dfd6a6226f814f00c90b3242,089c1f4e1c0dbf85b69c1d03c28c54db,1100052,I02142,101616465691944878810,175171159882848140,263371159882848140,392000,0x117335b1a9a0edae9505b78d1b0020625087bbefc9ddf27681ef5ed1f8cbef51,,2270
2bbc6cd7b43a49dd993df8ce560f564b,44c11059da6cd32be3d43edbbf30e8f5,1099996,I03631,65134972113836788691,848725436679400887,936925436679400887,392000,0xbd3aa552e36428e082d582a524e7f615d590ab7dd78da00693e8227c30476b30,,9034
7fa5d760295556d4828b60a6a3eb0eae,02fabb1d07252c6a1309a47dede1b081,1100192,I02142,88753027119542992512,115835170505446541,204035170505446541,392000,0xace0af8872b05b802ff74dcdc6888e189f666e0499d3feff26127cfa72fe9aa1,,1578
4085f219ad3eee26d4a324cc7146859c,f0c0048164a9559ad7a40a062ff377d4,1100348,I02142,79372781492424660952,74541712134845635,162741712134845635,392000,0x3f524f5e7a6309090ea7f0255614f0c406966d83fb3ea806e73a0fe799465319,,3077
ae8842b329f0c7430f4df419d5997da1,31ce2c40d2b6722d9d9bf4a1903114f2,1100318,I04334,45513517291516411669,256551013704514592,317751013704514592,272000,0x7db3e2e3d96a361aa7f0dc0357b988d1b66f1943cdf6cbf3710da54f02053039,,5848
1b8796ffc91b51b01e8aecf7254ecd03,61295812ce8d30506c04f60ab67245d1,1100506,I03629,34765654690136764809,175506847001558526,263706847001558526,392000,0xa5fcd2d603e009e39305a839c137497bd1bd63f911563ef943547ef9a0ae7718,,6419
cc7d705b4dc7f355e8426fd77288b8d3,b57761a877f6f5d5a2dae421e1dbd5c6,1100596,I04123,30956787507460239226,75792656568659036,136992656568659036,272000,0x9117f926119a0c63b7e32c78844babe0ff54ac84a03961fbcdca7296ea42064d,,3017
f2bb2dedf51f6ee2a24e401254fb9f87,e7c3b699468b40ca7e13dce9fc46e575,1100602,I02149,29231277610581268815,61541661202636656,149741661202636656,392000,0xaa510c3d52743d702b96770d9503d67ee370bd10c1ba1409f7b55005f17e34e0,,2735
84e5ad2e3ff10a659e53e0b422b05771,55922c35a31a6e4bdf78227568d8dd18,1100612,I00726,29864676854170274622,108572418679854663,169772418679854663,272000,0x33fa3336ba4bfa776bba44fdf92b981842c9904a674518e0a67ff3b8b117693d,,2134
272ee3ebbef1ef3d55502d11d3fdf70c,ed277c78314ec13cb36aeb7d5b8a74cb,1100764,I03629,49096156295544576991,430650073079223125,518850073079223125,392000,0x35819ebd88289ec229123b8a6f82b3c4449f844f733a03d31edf29a4776fc7c7,,1693
fa3da6ab44eb16baed4d37c25239f965,5ae39f1e5cab6683badae5b9a775dd09,1100704,I04123,61311279270618963153,471911427140302643,533111427140302643,272000,0xf613286c158ed778c501ba9e33728283d09004cebafceb3c56b4666efd93309d,,4393
76be93ac9072e7734b2a6087879f2762,9f9d4e9e6db97ad9b5a9f0c134b58ace,1100620,I04123,28854597359506875510,57308437751006743,118508437751006743,272000,0x1a7d5cee840e623acd266ed17e5d7c9d63659d09d2b09bdcf63abf9b9d772f16,,4907
06acf6f8d6f5337e9036ae4e99d39e1c,e2882ff9b5b83ab040eaddd33643882d,1100788,I02142,94187440352775726707,139594231486699145,227794231486699145,392000,0xe21564825b784bc9be0277a77078a7c5cdeeb59f0b8eb3169a3a9e272ac5e4a2,,3028
41db9ec019efaa8f4c5c2db1dd12ab69,4d323b49944c579446cbb2e3346bfa2a,1101058,I03731,198540884809193285621,10581458922578723398,10669658922578723398,392000,0x74b80586fcb3bb2ae7c076bb7d895920acc9d135a63d5a6dc7ddeffaed5c73e3,,1249
14bc39ebe4321a74e8decbf07558fe5b,6aebd18efc8e8b2e10725c43c1fd9559,1101412,I02160,33940269994432297780,200343393827141274,288543393827141274,392000,0x1b07352c71341c4307660fb0232e941d8a96799d9b0197dc77162cfea41275dd,,4892
db8ed86f1226a8f8b8f54dbb82b1fc21,18c2a50f2ae1a98d54a497d5f0f3b220,1101032,I04183,28648993424679643279,228257465824945116,316457465824945116,392000,0xf0f67615b1cc307f3c48805a5cdebf35a7cbade85af1340278f383bda69f5fe4,,3061
34b3e14c3887027464e2c8b29e0fe0f2,14358ed88d1eaa1be26aa44391ecbd0a,1101106,I03731,96582492627359383365,2268866134891121248,2357066134891121248,392000,0x7c1e019137fcdf6a8bf7635ef864068c2b22b59f2d06b1b489341381a50079ce,,2932
5936c67562a90ad8be620f75e5b288dd,fff4fafc2b287629bde138b92abf1d98,1100916,I04196,148114998268379497932,5880786155209794030,5968986155209794030,392000,0x1300b211098ce59f84a7f31369c94202d8f2c5aee8453267aae2d742e8517f88,,3037
e7c3213d6711a89e815203e067b3f67d,efbb0ae485a617e892cee9f4280fed09,1101942,I02190,27223906521122162276,126994128172554947,215194128172554947,392000,0x28f9bed96f8e41233fc75f7e849b6aafc087493342d2c2034a94bbadf1b0f8a9,,5885
b69b1557c3b5e3d1c41896931b6c4d00,2327a26a997731a5e3ae17eddaa51abc,1102670,I04334,36300529646256234643,138156449700892507,199356449700892507,272000,0xa796b6a01e0282b0bfb2ad136396ebdd91f404e83515f0f400530dc4a83f162a,,7711
52db98966f6235d9a973b68b689be857,7aa06c3ba918e708fa1d2a2cb3a461fb,1102514,I04242,55357443925218963470,70124709793035323,131324709793035323,272000,0xabf07d3867686b564b7c2fbcf6d6d6f77eab33829d48a418a21cdfd2e908c8d2,,2992
b30c146beca0504bf8b6388dbf414dbd,33ae64177a5a7f458932cf6ed3c023d5,1102270,I02252,10056362567792449332,54865088711480898,116065088711480898,272000,0x3858aa176a35f3eb23d5da0ff7a0963b43e8afdf6908c970dfd85952f2eb396a,,2650
fba61950cef6ad63ad6e594d66ca7a4e,79d7ed0642051af3ced4ed8706ed3abf,1102836,I03730,30660040403623617513,68241867008188300,129441867008188300,272000,0xe358a958dc3d8a1c5d165e83ec31a302a5ee67fcd474a4e042020de7709369d9,,1168
44b21ac8e0568b96e78cae958f5a000d,f683a6e460a59f36f53a57faba5fcf77,1102932,I04212,27846650536580624222,67017462089423641,128217462089423641,272000,0x25d9ede1730197c232e402fe5d9e67f6bbb5026b06613e2e05bd0b009cc33610,,4913
6188e2984c5c3dcabe773649eaac9745,bf3ddf3fd2d2bc5fb0c3b144c52cc802,1102352,I02192,13038396133368249302,92566054092238317,180766054092238317,392000,0xdae0ce61f60ab63da5fb5753fd0a51a257876eeaf9eecee874797758c02d0999,,6906
997524a374ab35edb411b99b7eb07ccc,9b5011500a08607698d211527f2eb00d,1103300,I04536,26914739608075867653,91344062649968527,152544062649968527,272000,0x5eec298ebf22bf7589153d89b329dae9c3be53b8e708b573536a1716aa59dd20,,2389
5a7ce69a5b458013cd25487800c09652,8fa3b5ada0e96dce4ee7c8ffa3770afa,1103478,I02142,358038933798715229353,3245002810781570507,3333202810781570507,392000,0x53ac8d2a24755f95e34555a63ba9f4a2db8f8ed3c361fa7a21ba44d12298c154,,6823
694331a98eb1f02596ec68a7be8c1dd2,8ceb9b1a405997a17920d7195b2c406e,1103294,I03433,40663898275539057578,208676105332061716,296876105332061716,392000,0xc1d09bd2539da6523ffc137a4dc4f3e4984baef9edd01e740d203e4cfc716f3d,,2904
2ba6db556cced7db3f1c587b5e67a634,e88c53eb1acb1b7b0dce87c846ae23fc,1102864,I00007,14684119072619329918,418003659626855777,506203659626855777,392000,0x9070a5472800e07df3f7e4a28c233b66f63dbaee57fcbc7a6234758df5cb06f8,,1911
e6889ff041b643e123fd35ab81122db0,7a7834ff1ca3d56fe295ff4f889614d9,1103522,I02194,10559880036916639724,285395029248817588,373595029248817588,392000,0xb3ddba30e4213492a8b3541adb99f24a753894cade1c981afc3890a3cf912a3b,,2914